Program;IFS_MODULE;LBB_MODULE;Rationale
AADVC;Account_Management;;CRUD
AAFRC;Account_Management;;C___
AAISC;Finance;;CRUD
AAS2C;Finance;;C___
AASPS;Finance;;C___
AASPS;TECHNICAL_KERNEL;;C___
ABA1S;Finance;;C___
ABA2C;Finance;;CRU_
ABCLM;Financial_Markets;;C___
ABKTS;Finance;;C___
ABUDS;Finance;;C___
ACH2C;Account_Management;;CRU_
ACHAC;Account_Management;;CRU_
ACHIF;Account_Management;;C___
ACNVC;Account_Management;;C___
ADEIC;Account_Management;;CRU_
ADEIF;Account_Management;;C___
ADETS;Account_Management;;C___
ADLGS;Finance;;C___
ADSNS;Finance;;C___
AEDIC;TECHNICAL_KERNEL;;CRU_
AEGAC;TECHNICAL_KERNEL;;CRU_
AEV1C;Account_Management;;CRU_
AEVT5;Account_Management;;CR__
AEVTO;Finance;;C___
AEVTO;TECHNICAL_KERNEL;;C___
AEXR5;TECHNICAL_KERNEL;;CR__
AEXRL;TECHNICAL_KERNEL;;C___
AEXRS;TECHNICAL_KERNEL;;CRU_
AFOLC;Finance;;CR__
AGEXS;Finance;;C___
AINIF;Account_Management;;C___
AINIF;TECHNICAL_KERNEL;;C___
AINTS;TECHNICAL_KERNEL;;C___
AJSTC;Finance;;C___
AKHDCNDO;Payment_And_Cash_Management;;CR_D
ALDLCBITLC;TECHNICAL_KERNEL;;CR__
ALDLLCBRGE;TECHNICAL_KERNEL;;C_U_
ALDLLDIBA;Lending;;CR__
ALDLLDIBA;TECHNICAL_KERNEL;;CR__
ALDLLGFRS;TECHNICAL_KERNEL;;CR__
ALDLLGRP2;TECHNICAL_KERNEL;;CR__
ALDLLMVT;TECHNICAL_KERNEL;;C_U_
ALEXCRAT02;TECHNICAL_KERNEL;;CRU_
ALGRS;Finance;;C___
ALMVTREPIT;Account_Management;;CR__
ALMVTREPIT;TECHNICAL_KERNEL;;C_U_
ALNDM;Finance;;CRUD
ALRTBKELIS;Account_Management;;CR__
AMDCC;Finance;;CRUD
AMDCC;Account_Management;;CRUD
AMDCF;Finance;;CRU_
AMDCG;Finance;;CRU_
AMDCG;Account_Management;;C___
AMDCH;Finance;;CRU_
ANCPM;Payment_And_Cash_Management;;CR_D
ANEUM;Finance;;C___
ANOSC;Account_Management;;C___
ANTUS;Account_Management;;C___
APPNM;TECHNICAL_KERNEL;;C___
ARBRM;Finance;;C___
ARCDM;Finance;;C___
AREIC;Account_Management;;CRU_
AREIC;TECHNICAL_KERNEL;;C___
AREIF;Account_Management;;C___
AREIF;TECHNICAL_KERNEL;;C___
ARESS;Account_Management;;C___
ARETC;Account_Management;;CRU_
ARETC;TECHNICAL_KERNEL;;C___
AROTM;Finance;;C___
ASPAM;Account_Management;;C___
ASPIF;Account_Management;;C___
ASTDM;Finance;;CRUD
ATAXM;Account_Management;;C___
ATDCS;TECHNICAL_KERNEL;;C___
ATECC;Account_Management;;C___
ATLLM;Account_Management;;C___
ATRCS;Finance;;C___
ATRTS;Finance;;C___
ATXCM;Account_Management;;C___
AUACRRPR;Finance;;C___
AUACRRPR01;Finance;;C___
AUACRRPR01;Account_Management;;CR__
AUACRRPR02;Finance;;C___
AUACRRPR02;Account_Management;;C___
AUATRCSDUP;Finance;;C___
AUATRDODEL;Account_Management;;CR__
AUAUDINVCE;Account_Management;;C___
AUBA1DEL;Finance;;C___
AUBKEAIS;TECHNICAL_KERNEL;;C_U_
AUBKEFOLRT;Finance;;C___
AUBKEFOLRT;Account_Management;;C___
AUBKEFOLRT;Financial_Markets;;C___
AUBKEGEN;Finance;;C___
AUBKEGEN;Account_Management;;C___
AUBKEGENRT;Finance;;C___
AUBKEGENRT;Account_Management;;C___
AUBKEGENRV;Finance;;C___
AUBKEGENRV;Account_Management;;C___
AUCHACAL;Account_Management;;C___
AUCHASTD;Finance;;C___
AUCHASTD;Account_Management;;CR__
AUCLNHVB;Account_Management;;CR_D
AUCLNHVB;TECHNICAL_KERNEL;;CR_D
AUCLSACC;Finance;;C___
AUCLSACC;Account_Management;;CRU_
AUCLSNOS;Finance;;C___
AUCLSNOS;Account_Management;;CRU_
AUCNVACC;Finance;;C___
AUCNVACC;Account_Management;;CRU_
AUCNVACC;TECHNICAL_KERNEL;;CR_D
AUCOVCAL;Account_Management;;C___
AUCRADV;Account_Management;;C___
AUCROSSEXR;TECHNICAL_KERNEL;;CRU_
AUCTPSHN;Account_Management;;C___
AUCTPSHN;Financial_Markets;;C__D
AUCTPSHN;Payment_And_Cash_Management;;CR_D
AUCTPSHN2;Account_Management;;CRU_
AUCTPSHN2;Financial_Markets;;CRU_
AUCTPSHN2;Payment_And_Cash_Management;;CRUD
AUDACBAL;Account_Management;;CRU_
AUDACBAL;Lending;;CRUD
AUDELICIY;TECHNICAL_KERNEL;;C__D
AUEOYPOSE;Finance;;C___
AUEOYPOSE;Account_Management;;C___
AUEURACC;Finance;;C___
AUEURACC;Account_Management;;CRU_
AUEURPOL0;Finance;;C___
AUEURPOL1;Finance;;C___
AUEURPOL1;Account_Management;;CRU_
AUEURPOL1;TECHNICAL_KERNEL;;C___
AUEURPOL2;Finance;;C___
AUEXRASP;TECHNICAL_KERNEL;;CRU_
AUFCMJAN;Finance;;C___
AUFCMJAN;Account_Management;;C___
AUFOLSET0;Finance;;C___
AUGXACC;Account_Management;;C___
AUGXACR;Account_Management;;C___
AUGXBUD;Account_Management;;C___
AUGXPRE;Account_Management;;C___
AUHKGINBRA;Account_Management;;C___
AUHOLUPD;TECHNICAL_KERNEL;;CRU_
AUINTCAL;Finance;;C___
AUINTCAL;Account_Management;;CRUD
AUINTCFD;Account_Management;;CRUD
AULDACGTAB;Finance;;CR_D
AULDBIL;Finance;;C___
AULDGMEXR;TECHNICAL_KERNEL;;CRU_
AULDGMINT;Account_Management;;CRU_
AULDNCPINT;Account_Management;;CRUD
AULDNCPINT;TECHNICAL_KERNEL;;CRU_
AULOADEXR;TECHNICAL_KERNEL;;CRU_
AULOADFOL;Finance;;C___
AULOADMDC;Finance;;CR__
AULOADMDC;Account_Management;;C___
AULOCDET;Finance;;CRUD
AULOCDUP;Finance;;CR__
AUMDCCOP;Finance;;CR_D
AUMDCCOP;Account_Management;;CR_D
AUMDCFUP;Finance;;C___
AUMDCFUP;Account_Management;;C___
AUMDCFUP;Financial_Markets;;C___
AUNEWEMU;TECHNICAL_KERNEL;;C___
AUOFBALMVT;Finance;;CRU_
AUOFBALMVT;Account_Management;;CR__
AUOLDBVA;Account_Management;;CRU_
AUOLDBVA;TECHNICAL_KERNEL;;CR__
AUPDGMEXR;TECHNICAL_KERNEL;;CRU_
AUPDGMINT;Account_Management;;CRU_
AUPLINIT;Finance;;C___
AUPRRTAUEN;Finance;;C___
AUPRRTAUEN;Account_Management;;C___
AURGRPOS2;Financial_Markets;;CRU_
AURGRPOS4;Financial_Markets;;C___
AURVMVT;Finance;;C___
AUSAVTAB;Finance;;CR_D
AUSTM942RT;TECHNICAL_KERNEL;;C___
AUSTMCCR;TECHNICAL_KERNEL;;C___
AUSTMLOJ;Account_Management;;CR_D
AUSTMLOJ;Payment_And_Cash_Management;;C___
AUSTMLOJ;TECHNICAL_KERNEL;;C___
AUSTMPR2;Account_Management;;CR_D
AUSTMPRC;Account_Management;;CR_D
AUSTMPRC;Payment_And_Cash_Management;;C___
AUSTMPRC;TECHNICAL_KERNEL;;C___
AUSTMTLL;TECHNICAL_KERNEL;;C___
BABSM;Financial_Markets;;CRUD
BASWA;Financial_Markets;;CRU_
BDAUT;Financial_Markets;;CR__
BDLAX;Financial_Markets;;CRUD
BDLGA;Financial_Markets;;CRUD
BDLGX;Financial_Markets;;CRUD
BDLTM;Financial_Markets;;CRUD
BDLTX;Financial_Markets;;CRUD
BIAUT;Financial_Markets;;CR_D
BICTX;Financial_Markets;;CRUD
BISPA;Financial_Markets;;CRU_
BISPM;Financial_Markets;;CRU_
BISPX;Financial_Markets;;CRUD
BISSA;Financial_Markets;;CRUD
BISSX;Financial_Markets;;CRU_
BLGFIDL;TECHNICAL_KERNEL;;C___
BLUSADL;TECHNICAL_KERNEL;;CR__
BPOR5;Financial_Markets;;CRU_
BPRDA;Financial_Markets;;CRUD
BPRDX;Financial_Markets;;CRUD
BREDM;Financial_Markets;;CRUD
BREP1;Financial_Markets;;CRU_
BREPM;Financial_Markets;;CR__
BSPIM;Financial_Markets;;CRUD
BUDELCON;Finance;;CRUD
BUDELCON;Lending;;CRUD
BUDELCON;Financial_Markets;;CRUD
BUDLYABS;Financial_Markets;;CRU_
BUDLYMBS;Financial_Markets;;CRU_
BUDLYMBSYD;Financial_Markets;;CRU_
BUEURCNV;Financial_Markets;;CRU_
BUEURLIQ;Financial_Markets;;C___
BUMBSPOOL;Financial_Markets;;CR__
BUMKSWIFT;TECHNICAL_KERNEL;;C___
BUMLYACRBO;Financial_Markets;;CRU_
BUMLYMBS;Financial_Markets;;CRU_
BUMLYTRD;Financial_Markets;;CR__
BUPRCLOAD;Financial_Markets;;CRUD
BUUPDBDLTO;Financial_Markets;;CRU_
CC3PM;Lending;;CRUD
CC3PM;Financial_Markets;;C___
CCGRS;Lending;;C___
CCMCC;Lending;;CRU_
CCMHA;Lending;;CR__
CCOCM;Lending;;CRUD
CCOMS;Lending;;CRUD
CCOMS;Financial_Markets;;C___
CCORM;Lending;;C___
CCPIA;Lending;;CRU_
CCPOA;Lending;;CRU_
CCTPC;Account_Management;;C___
CCTPC;Lending;;C___
CCUSC;Financial_Markets;;CRU_
CEXRM;Financial_Markets;;CRUD
CFA1M;Lending;;CRUD
CFA2C;Lending;;CRU_
CFACS;Lending;;C___
CFAIA;Lending;;C___
CFARM;Lending;;CRU_
CFDDC;Lending;;CRUD
CFFEM;Lending;;CRUD
CFIIA;Financial_Markets;;C___
CFIIC;Financial_Markets;;CRUD
CFINA;Lending;;CRU_
CFNIA;Lending;;CR__
CFNOA;Lending;;CRU_
CFOIA;Financial_Markets;;C___
CFOIC;Financial_Markets;;CRU_
CFRSM;Lending;;C___
CFUPM;Lending;;CR__
CFUSM;Lending;;CRU_
CFXRM;Lending;;CRUD
CGUA2;Lending;;CRU_
CGUAS;Lending;;C___
CGUCM;Lending;;C___
CGURM;Lending;;C___
CHFCM;Lending;;CRU_
CI-ADD-CPTIO;Lending;;C___
CI-DUP-REM-INT;Lending;;CR__
CI-INTR-DUPREMINT;Financial_Markets;;CR__
CI-LOG-CCMHO;Lending;;C___
CI-LOG-CMTLO;Lending;;C___
CI-LOG-CPTIO;Lending;;C___
CINIA;Lending;;CR__
CINOA;Lending;;CRU_
CITIA;Financial_Markets;;CR__
CITIC;Financial_Markets;;CRU_
CLCPCHA;Account_Management;;CR__
CLCPGUA;Lending;;C___
CLDLRAVA;Lending;;CR__
CLLDCMDEAL;TECHNICAL_KERNEL;;CR__
CLLDMMDEAL;TECHNICAL_KERNEL;;CR__
CLOUTDEPFA;Lending;;CR__
CLPRIBNK3;TECHNICAL_KERNEL;;CR__
CLSHRMOST;TECHNICAL_KERNEL;;C___
CMHIA;Financial_Markets;;CRU_
CMHIF;Lending;;CRU_
CMRGM;Lending;;C___
CMRGM;Financial_Markets;;CR__
CMTHE;Financial_Markets;;CRU_
CMTIF;Lending;;C___
CMTIM;Financial_Markets;;CR__
CMTLM;Lending;;CRUD
CMTTC;Financial_Markets;;CRUD
CMTVM;Lending;;CRUD
COTIA;Financial_Markets;;CR__
COTIC;Financial_Markets;;CRU_
CP-004DELFACILITY;Lending;;C___
CP-005DELSECURITY;Lending;;C___
CP-005DELSECURITY;Financial_Markets;;C___
CP-008UPDNVM;Financial_Markets;;CRU_
CPAYA;Lending;;CRU_
CPBCA;Financial_Markets;;CRU_
CPBCC;Financial_Markets;;CRU_
CPBPM;Financial_Markets;;CRU_
CPIIC;Financial_Markets;;C___
CPOIC;Financial_Markets;;CR__
CPTIC;Financial_Markets;;CRU_
CP-UPD-CASH-FLOW;Lending;;CRU_
CPYIA;Financial_Markets;;CRU_
CPYIC;Financial_Markets;;CRU_
CRCIA;Financial_Markets;;CR__
CRCIC;Financial_Markets;;CRU_
CRCYM;Lending;;C___
CRECA;Lending;;CR__
CREPM;Lending;;C___
CREXM;Lending;;CRU_
CRIIA;Lending;;CR__
CRIIA;Financial_Markets;;CR__
CRIIC;Financial_Markets;;CRU_
CRMIA;Lending;;CR__
CRMOA;Lending;;CRU_
CROCM;Lending;;C___
CROIA;Financial_Markets;;CR__
CROIC;Financial_Markets;;CRU_
CSC1M;Lending;;CRU_
CSCOM;Lending;;C___
CSCYM;Lending;;C___
CSCYM;Financial_Markets;;C___
CSE1M;Lending;;CRU_
CSE2C;Lending;;CRU_
CSE2M;Lending;;CRU_
CSECF;Lending;;C___
CSECS;Lending;;C___
CSHAA;Financial_Markets;;CR__
CSHCS;Financial_Markets;;CRU_
CSHMA;Financial_Markets;;C___
CSHOA;Financial_Markets;;CR__
CSHRA;Financial_Markets;;CRUD
CSHSC;Financial_Markets;;C___
CSHTA;Financial_Markets;;CRU_
CSHTM;Financial_Markets;;CRU_
CSSHM;Financial_Markets;;C___
CUATCRLOVR;Lending;;CRU_
CUBANKEXC1;Lending;;CR_D
CUCEXRO;Financial_Markets;;CRU_
CUCEXRO;TECHNICAL_KERNEL;;C___
CUCOMATRDO;Lending;;CR__
CUCOMCRINT;Lending;;CRU_
CUCONFIF2;Lending;;CRU_
CUCONFIFS;Lending;;CRU_
CUCONFIRM;Lending;;CRU_
CUCONFMIL;Lending;;CRU_
CUCUSTEXC1;Lending;;CR_D
CUDLYABN;Account_Management;;C___
CUDLYCOMTR;Lending;;CR_D
CUDLYCSLFO;Lending;;CR_D
CUDLYFACTR;Account_Management;;C___
CUDLYFACTR;Lending;;CR_D
CUDLYRTR;Lending;;CR_D
CUDLYSECTR;Lending;;CRUD
CUDLYSHRTR;Financial_Markets;;CRU_
CUEXSINITH;Lending;;CRU_
CUEXSOUTO1;Lending;;CRUD
CUFACOUTS;Lending;;CRUD
CUFEECAL;Lending;;CR__
CUFEECAL;TECHNICAL_KERNEL;;C___
CUFLOATRTE;Lending;;CRU_
CUGUAACCRE;Finance;;CRU_
CUGUAACCRE;Lending;;CR__
CUGUACOMA2;Account_Management;;C___
CUGUACOMAD;Lending;;CR__
CUGUACOMEX;Lending;;CR__
CUGUACONTR;Lending;;CR_D
CUICNFS;Payment_And_Cash_Management;;CRUD
CUIFLTRTE;Financial_Markets;;CRU_
CULDCRYRIS;TECHNICAL_KERNEL;;C___
CUMATPOS;Lending;;CRUD
CUMLYACCCL;Account_Management;;C___
CUMLYACCCL;Lending;;C___
CUMLYRTR;Lending;;CRUD
CUMTCLOSE;Financial_Markets;;CRUD
CUPBPORTF;Financial_Markets;;CRUD
CUPDPFAC;Lending;;C___
CUREUTIMP;Financial_Markets;;CRU_
CUSELPAYM;Lending;;CRU_
CUSHRCUSTM;TECHNICAL_KERNEL;;C___
CUSHRDVD;Financial_Markets;;C___
CUSHRLOG;Financial_Markets;;CR_D
CUSHRPRCLD;Financial_Markets;;CRUD
CUSHRRESTR;Financial_Markets;;C___
CUTRFACSEC;Lending;;CR_D
CUTRFWAREP;Lending;;C___
CUUPDFAC;Lending;;C___
DAEQ1;Account_Management;;CR__
DAEQ1;TECHNICAL_KERNEL;;CR__
DBATM;Payment_And_Cash_Management;;CRU_
DCBIC;Payment_And_Cash_Management;;CRU_
DCBMM;Payment_And_Cash_Management;;CRUD
DCDIC;Payment_And_Cash_Management;;CRUD
DCNBC;Payment_And_Cash_Management;;CRUD
DCNCC;Payment_And_Cash_Management;;CRUD
DCNDA;Payment_And_Cash_Management;;CRUD
DCNDS;Payment_And_Cash_Management;;CRU_
DCNDT;Payment_And_Cash_Management;;CRUD
DCNIC;Payment_And_Cash_Management;;CRU_
DCNIF;Payment_And_Cash_Management;;C___
DCNPC;Payment_And_Cash_Management;;CRUD
DCNTM;Payment_And_Cash_Management;;C___
DCONA;Payment_And_Cash_Management;;CRUD
DCPIC;Payment_And_Cash_Management;;CRU_
DCTIF;Payment_And_Cash_Management;;C___
DCTIM;Account_Management;;CRU_
DDDCM;Payment_And_Cash_Management;;C___
DDI2M;Payment_And_Cash_Management;;C___
DDICM;Payment_And_Cash_Management;;C___
DECHM;Payment_And_Cash_Management;;CRUD
DFRTC;Payment_And_Cash_Management;;CRUD
DFSCF;Payment_And_Cash_Management;;C___
DFSCM;Payment_And_Cash_Management;;CRU_
DFSIF;Payment_And_Cash_Management;;C___
DFSIM;Payment_And_Cash_Management;;CR__
DGCAM;Payment_And_Cash_Management;;CRUD
DHERECRSND;Payment_And_Cash_Management;;CRU_
DIIGC;Payment_And_Cash_Management;;CRU_
DIINC;Payment_And_Cash_Management;;CRU_
DIIUC;Payment_And_Cash_Management;;CRU_
DIOD2;Payment_And_Cash_Management;;CRU_
DIOGC;Payment_And_Cash_Management;;CR__
DIONC;Payment_And_Cash_Management;;CRU_
DIOUC;Payment_And_Cash_Management;;CRU_
DLCUSMVTPT;Account_Management;;CR__
DLDLLCLEAT;Payment_And_Cash_Management;;CR__
DLDLLCLEGB;TECHNICAL_KERNEL;;C___
DLDLLCLEGE;Account_Management;;C___
DLDLLCLEGE;Payment_And_Cash_Management;;C___
DLDLLCLEIT;Payment_And_Cash_Management;;C___
DLDLLCLEPT;TECHNICAL_KERNEL;;C_U_
DLDLLCLESP;Account_Management;;C___
DLDLLSEPA;Payment_And_Cash_Management;;CRU_
DLDSTOAUT;Payment_And_Cash_Management;;CR_D
DLICMACC;Account_Management;;CRU_
DLICMACC;TECHNICAL_KERNEL;;C___
DLSTMDDMAD;TECHNICAL_KERNEL;;C_U_
DLSWF100;TECHNICAL_KERNEL;;C___
DLSWF100ST;TECHNICAL_KERNEL;;C___
DLSWF101;TECHNICAL_KERNEL;;C___
DLSWF103;Payment_And_Cash_Management;;CR__
DLSWF103;TECHNICAL_KERNEL;;C___
DLSWF202;TECHNICAL_KERNEL;;C___
DLSWF204;TECHNICAL_KERNEL;;C___
DMSTM;Payment_And_Cash_Management;;CRU_
DPBDC;Payment_And_Cash_Management;;CRU_
DPEIM;Payment_And_Cash_Management;;CR__
DPERM;Payment_And_Cash_Management;;CR_D
DRDIM;Payment_And_Cash_Management;;C___
DREIM;Payment_And_Cash_Management;;CRU_
DREPM;Payment_And_Cash_Management;;CRUD
DRPTC;Payment_And_Cash_Management;;CRU_
DRTP1;TECHNICAL_KERNEL;;C___
DRTPM;TECHNICAL_KERNEL;;C___
DRVPM;Account_Management;;CR__
DRVPM;Payment_And_Cash_Management;;CR__
DSI1M;Payment_And_Cash_Management;;CRU_
DSLVM;Payment_And_Cash_Management;;CRU_
DST1M;Payment_And_Cash_Management;;CRUD
DSTIF;Payment_And_Cash_Management;;C___
DSV1M;Payment_And_Cash_Management;;CRUD
DUAUTHBAT;Payment_And_Cash_Management;;CR__
DUCALCOSTS;Account_Management;;C___
DUCALCSTD;Account_Management;;C___
DUCLIEOP;Payment_And_Cash_Management;;CRU_
DUCORDIPTO;Payment_And_Cash_Management;;CRU_
DUDLLAEB45;Account_Management;;CRU_
DUDLLAEB45;Payment_And_Cash_Management;;CR__
DUDLLAEB45;TECHNICAL_KERNEL;;C_U_
DUDLLAEB46;Account_Management;;CRU_
DUDLLAEB46;Payment_And_Cash_Management;;C___
DUDLLAEB46;TECHNICAL_KERNEL;;C_U_
DUDLLAEB47;Account_Management;;CRU_
DUDLLAEB47;Payment_And_Cash_Management;;CR__
DUDLLAEB47;TECHNICAL_KERNEL;;CRU_
DUDLLENEPT;Payment_And_Cash_Management;;C___
DUDLLPAYGB;TECHNICAL_KERNEL;;C___
DUDLLTAXIT;TECHNICAL_KERNEL;;C_U_
DUECHANNEL;Payment_And_Cash_Management;;CRUD
DUFISET;Payment_And_Cash_Management;;C___
DUFLBAT;Account_Management;;CRU_
DUFLICM;Account_Management;;CRU_
DUFLICM;TECHNICAL_KERNEL;;C_U_
DUGCNVOUPL;TECHNICAL_KERNEL;;CRUD
DUGRCDACCT;Payment_And_Cash_Management;;C__D
DUHISDINST;Payment_And_Cash_Management;;C___
DUHISPMT;Payment_And_Cash_Management;;C___
DUINVTOINT;Payment_And_Cash_Management;;C___
DUINVXBR;Account_Management;;CRUD
DUINVXBR;Financial_Markets;;C___
DUINVXBR;Payment_And_Cash_Management;;C___
DUINVXBRR2;Account_Management;;CRUD
DUINVXBRR2;Financial_Markets;;C___
DUINVXBRR2;Payment_And_Cash_Management;;C___
DUINVXBRRT;Account_Management;;CRUD
DUINVXBRRT;Financial_Markets;;C___
DUINVXBRRT;Payment_And_Cash_Management;;C___
DUINVXBRRU;Account_Management;;CRUD
DUINVXBRRU;Financial_Markets;;C___
DUINVXBRRU;Payment_And_Cash_Management;;C___
DULD8007NE;Payment_And_Cash_Management;;C___
DULDAEB19;Payment_And_Cash_Management;;CR__
DULDAEB34;Payment_And_Cash_Management;;CRU_
DULDAEB34;TECHNICAL_KERNEL;;CR__
DULDAEB45;Account_Management;;CR__
DULDAEB45;Payment_And_Cash_Management;;CR__
DULDAEB46;Payment_And_Cash_Management;;C___
DULDAEB47;Account_Management;;C___
DULDAEB47;Payment_And_Cash_Management;;C___
DULDBE04;Payment_And_Cash_Management;;C___
DULDBIREL;Payment_And_Cash_Management;;CRU_
DULDCCLMVT;Finance;;C___
DULDCCLMVT;Account_Management;;CRU_
DULDCCLMVT;Lending;;C___
DULDCCLMVT;Payment_And_Cash_Management;;CRU_
DULDCHQIE;Account_Management;;C___
DULDCHQIE;Payment_And_Cash_Management;;C___
DULDCLEAAT;Account_Management;;CR__
DULDCLEAAT;Payment_And_Cash_Management;;C___
DULDCLEACH;Payment_And_Cash_Management;;C___
DULDCLEAGE;Account_Management;;C___
DULDCLEAGE;Payment_And_Cash_Management;;CRU_
DULDCLEAIT;Account_Management;;CR__
DULDCLEAIT;Payment_And_Cash_Management;;C___
DULDCLEALC;Account_Management;;C___
DULDCLEALC;Payment_And_Cash_Management;;CRU_
DULDCLEALG;Payment_And_Cash_Management;;CR__
DULDCLEALP;Payment_And_Cash_Management;;CR__
DULDCLEAPC;Account_Management;;C___
DULDCLEAPC;Payment_And_Cash_Management;;CRU_
DULDCLEAPP;Payment_And_Cash_Management;;C___
DULDCLEARG;Account_Management;;C___
DULDCLEARG;Payment_And_Cash_Management;;CRU_
DULDCLEARN;Account_Management;;C___
DULDCLEARN;Payment_And_Cash_Management;;C___
DULDCLEARS;Account_Management;;C___
DULDCLEARS;Payment_And_Cash_Management;;C___
DULDCUSPBO;Account_Management;;C___
DULDCUSPBO;TECHNICAL_KERNEL;;C___
DULDCUSTM;Account_Management;;CR_D
DULDDIPTO;Payment_And_Cash_Management;;CR_D
DULDDTAZV;Payment_And_Cash_Management;;C___
DULDDTAZV2;Payment_And_Cash_Management;;C___
DULDEUROCH;Payment_And_Cash_Management;;CR_D
DULDFPS;Payment_And_Cash_Management;;C___
DULDIBOS;Payment_And_Cash_Management;;C___
DULDINBKNL;Account_Management;;C___
DULDINBKNL;Payment_And_Cash_Management;;C___
DULDM101G;Payment_And_Cash_Management;;C___
DULDM101G2;Payment_And_Cash_Management;;C___
DULDPSTFIN;Payment_And_Cash_Management;;C___
DULDRCEPT;Payment_And_Cash_Management;;C___
DULDSCANGB;Payment_And_Cash_Management;;C___
DULDSEBIL;Account_Management;;CR__
DULDSECBR;Finance;;CR__
DULDSEPA;Account_Management;;C___
DULDSEPA;Payment_And_Cash_Management;;C___
DULDSWCMI;Payment_And_Cash_Management;;C___
DULDSWF;Payment_And_Cash_Management;;C___
DULDSWIFT;Account_Management;;C___
DULDSWIFT;Payment_And_Cash_Management;;C___
DULDTAXIT;Account_Management;;C___
DULDTAXIT;Payment_And_Cash_Management;;CR__
DULDTAXIT;TECHNICAL_KERNEL;;C___
DUMADCLRLD;TECHNICAL_KERNEL;;CR_D
DUNAVIS;Account_Management;;CR__
DUNAVIS;Payment_And_Cash_Management;;C___
DUPAGMENTI;Account_Management;;C___
DUPAGMENTI;Payment_And_Cash_Management;;CRU_
DUPDCONDS;Payment_And_Cash_Management;;CRU_
DUPDCONDS;TECHNICAL_KERNEL;;C___
DUPMT202;Payment_And_Cash_Management;;CR__
DUPMTVAL;Account_Management;;CR_D
DUPMTVAL;Payment_And_Cash_Management;;C___
DUPMTVL202;Payment_And_Cash_Management;;C___
DURECINV;Payment_And_Cash_Management;;C___
DUREVERSAL;Account_Management;;CR__
DUREVERSAL;Payment_And_Cash_Management;;CR__
DUS101ING;Payment_And_Cash_Management;;C___
DUSTOXBR;Account_Management;;CR__
DUSTOXBR;Payment_And_Cash_Management;;CRU_
DUSWF104;TECHNICAL_KERNEL;;C___
DUSWF942;TECHNICAL_KERNEL;;C___
DUSWFCCR;Account_Management;;CR__
DUTOSTAT;Payment_And_Cash_Management;;CRU_
DUXBRTRPTS;Payment_And_Cash_Management;;C___
DUZEROBA2;Account_Management;;C___
DUZEROBA2;Payment_And_Cash_Management;;C___
DUZEROBA3;Account_Management;;C___
DUZEROBA3;Payment_And_Cash_Management;;C___
DUZEROBAL;Account_Management;;C___
DUZEROBAL;Payment_And_Cash_Management;;C___
FFTDCNDO;Payment_And_Cash_Management;;CR_D
GBTRM;TECHNICAL_KERNEL;;CRUD
GBTST;TECHNICAL_KERNEL;;C_U_
GCNVM;TECHNICAL_KERNEL;;CRUD
GI-060-RTR-ADETS;Lending;;CRU_
GI-060-RTR-AMVTO;Lending;;CRUD
GI-060-RTR-BDLGO;Lending;;CRU_
GI-060-RTR-CBFMO;Lending;;C___
GI-060-RTR-CCMHO;Lending;;CRU_
GI-060-RTR-CGUAS;Lending;;CRU_
GI-060-RTR-CGUAS2;Lending;;CRU_
GI-060-RTR-CMTCO;Lending;;CRU_
GI-060-RTR-CSHAO;Lending;;CRU_
GI-060-RTR-CSHOO;Lending;;CRU_
GI-060-RTR-IFRAO;Lending;;CRU_
GI-060-RTR-IFXCO;Lending;;CRU_
GI-060-RTR-IGIRO;Lending;;CRU_
GI-060-RTR-IOPTS;Lending;;CRU_
GI-060-RTR-IOPTS2;Lending;;CRU_
GI-060-RTR-ISIMO;Lending;;CRU_
GI-060-RTR-ITLDO;Lending;;CRU_
GI-070-COM-GUAR;Lending;;CR__
GI-091BDL-BDLAO;Financial_Markets;;CR__
GI-109CRIIPIO;Financial_Markets;;CR_D
GI-132-ATRDO;Account_Management;;C___
GI-139-INTCRE;Payment_And_Cash_Management;;C___
GI-CPY-INV;Payment_And_Cash_Management;;C___
GIDPM;TECHNICAL_KERNEL;;C___
GI-IIFRA-SSI;Financial_Markets;;C___
GI-IIFXS-SSI;Financial_Markets;;C___
GI-IXLDC3;Lending;;C___
GLSAMEXT;TECHNICAL_KERNEL;;CR__
GMONI;TECHNICAL_KERNEL;;C___
GP-026AEVTO;Account_Management;;C___
GP-026ATRDO;Account_Management;;C___
GP-036-GEXCTV;TECHNICAL_KERNEL;;C___
GP-036-XCOUNTVAL3;Financial_Markets;;C___
GP-036-XCOUNTVAL3;TECHNICAL_KERNEL;;C___
GP-036-XCOUNTVALY;Financial_Markets;;C___
GP-036-XCOUNTVALY;TECHNICAL_KERNEL;;C___
GP-036-XREXCY;TECHNICAL_KERNEL;;CR__
GP-041-CTV-CHFCO;Lending;;CR__
GP-052GETNXTIBATO;Account_Management;;CRU_
GP-068AEPMTINTLOG;Payment_And_Cash_Management;;C___
GP-081-CHQ-ATRDO2;Account_Management;;C___
GP-081-CHQ-ATRDOW;Account_Management;;C___
GP-088MATCH-DEAL;Financial_Markets;;CRU_
GP-088SHORT-DEAL;Financial_Markets;;CRU_
GP-091BDL-ACCEVT;Financial_Markets;;CRUD
GP-092CALC-MOVAVG;Financial_Markets;;CR__
GP-096BDL-PMTEVT;Financial_Markets;;CRU_
GP-096-PMTEVT;Financial_Markets;;CRU_
GP-097CHK-PMTINS;Financial_Markets;;CR__
GP-097GET-ACCEVT;Financial_Markets;;CR__
GP-099BDL-INVMO;Financial_Markets;;C___
GP-099BDL-OPINVMO;Financial_Markets;;CR__
GP-099LIQ-INVMO;Financial_Markets;;C___
GP-109CRIIRSO;Financial_Markets;;C___
GP-111MBS-CPN;Financial_Markets;;CRU_
GP-112-DEAL;TECHNICAL_KERNEL;;C_U_
GP-120-DPBDO;Payment_And_Cash_Management;;CR__
GP-120-DPBDOMNT;Payment_And_Cash_Management;;CRU_
GP-122-DB1;Payment_And_Cash_Management;;C___
GP-124-PMNTSTATUS;Payment_And_Cash_Management;;C___
GP-126-DFRTO;Payment_And_Cash_Management;;CRUD
GP-128-DCTRO;Account_Management;;CRU_
GP-133PRFILNM;TECHNICAL_KERNEL;;C_U_
GP-145-CALC-CHRG;Account_Management;;CR_D
GP-152-CHGMNTLOG;Payment_And_Cash_Management;;C___
GP-155-FEEDBACK;Payment_And_Cash_Management;;CRU_
GP-170-SECMON;TECHNICAL_KERNEL;;C___
GP-171-SWMSGST;TECHNICAL_KERNEL;;CRU_
GPAPF;TECHNICAL_KERNEL;;C___
GPAPM;TECHNICAL_KERNEL;;CRU_
GPARX;TECHNICAL_KERNEL;;C___
GPRTA;Account_Management;;CRUD
GRTPM;TECHNICAL_KERNEL;;CRUD
GSBRM;TECHNICAL_KERNEL;;CRUD
GSBSM;TECHNICAL_KERNEL;;CRUD
GSCRM;TECHNICAL_KERNEL;;CRU_
GSMPM;TECHNICAL_KERNEL;;CRUD
GSRIF;TECHNICAL_KERNEL;;C___
GUCRESUB;Finance;;CR__
GUCRESUB;Account_Management;;C___
GUCRESUB;TECHNICAL_KERNEL;;C_U_
GUCRESUB2;Finance;;C___
GUCRESUB2;Account_Management;;C___
GUCRESUB2;Financial_Markets;;C___
GUCRESUB2;Payment_And_Cash_Management;;C___
GUCRESUB2;TECHNICAL_KERNEL;;C___
GUCRESUB3;Finance;;CRU_
GUCRESUB3;Account_Management;;CRU_
GUCRESUB3;TECHNICAL_KERNEL;;CRU_
GUERRMSG;TECHNICAL_KERNEL;;CR_D
GUFILLREFL;TECHNICAL_KERNEL;;C_UD
GUGPRTO;Account_Management;;CR_D
GUREPMGR;TECHNICAL_KERNEL;;C_U_
GUSCHSPBAT;TECHNICAL_KERNEL;;CR_D
GUSWMNRPL;TECHNICAL_KERNEL;;CR__
GXMLM;TECHNICAL_KERNEL;;CRUD
GXMLOUPD;TECHNICAL_KERNEL;;CR_D
HGLOADMDC;Finance;;CR__
HGLOADMDC;Account_Management;;C___
IACCM;Payment_And_Cash_Management;;CRUD
IAUTM;Payment_And_Cash_Management;;C___
IBATA;Account_Management;;CRUD
IBSPC;Finance;;C___
IBVD1;Financial_Markets;;CR_D
ICBRM;Financial_Markets;;CR_D
ICDCI;Payment_And_Cash_Management;;CRU_
ICDPI;Payment_And_Cash_Management;;CRU_
ICNDM;Payment_And_Cash_Management;;C___
ICNFS;Payment_And_Cash_Management;;C___
ICNPC;Financial_Markets;;C___
ICNPC;Payment_And_Cash_Management;;C___
ICNSC;Financial_Markets;;C___
ICNSC;Payment_And_Cash_Management;;C___
ICOSP;Payment_And_Cash_Management;;C___
ICPIC;Financial_Markets;;CRU_
IEBAM;Account_Management;;CRUD
IERB5;Financial_Markets;;CRUD
IERBS;TECHNICAL_KERNEL;;C___
IFCP1;Financial_Markets;;CRUD
IFCTC;Financial_Markets;;CRUD
IFERS;Financial_Markets;;CRUD
IFFC1;Financial_Markets;;CRUD
IFFT1;Financial_Markets;;CRUD
IFIRC;Financial_Markets;;CRU_
IFPIC;Financial_Markets;;C___
IGFRC;Financial_Markets;;C___
IGFXC;Financial_Markets;;C___
IGIRC;Financial_Markets;;C___
IGLDC;Lending;;C___
IGOPC;Financial_Markets;;C___
II-008PAYMENTFILL;Financial_Markets;;C_U_
IICFM;Payment_And_Cash_Management;;CRUD
IIFFS;Financial_Markets;;CRUD
IIFFS;TECHNICAL_KERNEL;;C_U_
IIFRA;Financial_Markets;;CRUD
IIFRA;TECHNICAL_KERNEL;;C_U_
IIFXS;Financial_Markets;;CRUD
IIFXS;TECHNICAL_KERNEL;;C_U_
IILDA;Financial_Markets;;CR_D
IINIF;Account_Management;;C___
IINIM;Payment_And_Cash_Management;;CRU_
IINTM;Account_Management;;C___
IINTM;Payment_And_Cash_Management;;CRU_
IIRGM;TECHNICAL_KERNEL;;CRUD
IITEC;Financial_Markets;;CRU_
II-UPD-ILNGS;Financial_Markets;;CR__
II-UPD-ILNGS;TECHNICAL_KERNEL;;CR__
ILBGEOPT;TECHNICAL_KERNEL;;CR__
ILDLYACCFR;TECHNICAL_KERNEL;;CR__
ILDLYACCL3;TECHNICAL_KERNEL;;CR__
ILFXTRANSA;Financial_Markets;;CR__
ILINVFLAT;TECHNICAL_KERNEL;;C___
ILIRFTRA;Financial_Markets;;C___
ILJUSRAEOM;TECHNICAL_KERNEL;;CR__
ILMLYMRGLD;TECHNICAL_KERNEL;;CR__
ILNGS;Financial_Markets;;C___
ILPAM;Financial_Markets;;C___
IMAGC;Financial_Markets;;CRUD
IMSPD;Financial_Markets;;C___
IMSPM;Financial_Markets;;C___
INETM;Financial_Markets;;C___
INOSM;Financial_Markets;;C___
IODUS;Financial_Markets;;C___
IOFFC;Financial_Markets;;CR_D
IOPEC;Financial_Markets;;C___
IOPTC;Financial_Markets;;C___
IOPTS;Financial_Markets;;C___
IOPTS;TECHNICAL_KERNEL;;C___
IOSTM;Payment_And_Cash_Management;;CRU_
IP-008AEINVMO;Financial_Markets;;CRU_
IP-008ANNUNVM;Financial_Markets;;CRU_
IPAPC;Financial_Markets;;C___
IPAPC;Payment_And_Cash_Management;;C___
IPASC;Financial_Markets;;C___
IPASC;Payment_And_Cash_Management;;C___
IPCOM;Financial_Markets;;CR__
IPCOM;Payment_And_Cash_Management;;C___
IPIIF;Financial_Markets;;C___
IPMTM;Financial_Markets;;C___
IPTDC;Financial_Markets;;CRU_
IPTIC;Financial_Markets;;CRU_
IPWDM;Financial_Markets;;C___
IRFRM;Financial_Markets;;C___
IRSLQ;Financial_Markets;;CRU_
IRSSC;Financial_Markets;;CRUD
IRSTM;Financial_Markets;;CRUD
ISCO1;Financial_Markets;;CR__
ISCO1;Payment_And_Cash_Management;;C___
ISFRC;Financial_Markets;;CRU_
ISIMC;Lending;;C___
ISIMS;Lending;;C___
ISSTI;Payment_And_Cash_Management;;CR_D
ISTMC;Payment_And_Cash_Management;;CRUD
ISTMZ;Payment_And_Cash_Management;;CRUD
ISTPM;Payment_And_Cash_Management;;C___
ISWCS;TECHNICAL_KERNEL;;CRUD
ITECX;Financial_Markets;;CRUD
ITOLM;Payment_And_Cash_Management;;C___
IUBOEB7SEL;Lending;;CR_D
IUCHKSTM;Payment_And_Cash_Management;;CRUD
IUCHSCNF;Financial_Markets;;CR__
IUCHSCNF;Payment_And_Cash_Management;;CR__
IUCLRATE;Account_Management;;CR__
IUCNVNOSRE;Payment_And_Cash_Management;;CRU_
IUCRECNF;Financial_Markets;;C___
IUCRECNF;Payment_And_Cash_Management;;CR__
IUCRSWPM2;TECHNICAL_KERNEL;;C___
IUDELISIMO;Lending;;C___
IUDLYABFRA;Account_Management;;C_U_
IUDLYABFRA;Financial_Markets;;CR__
IUDLYABIRF;Account_Management;;C_U_
IUDLYABIRF;Financial_Markets;;C___
IUDLYABIRS;Account_Management;;C_U_
IUDLYABIRS;Financial_Markets;;CR__
IUDLYABOPT;Account_Management;;C_U_
IUDLYABOPT;Financial_Markets;;CR__
IUDLYABOPT;TECHNICAL_KERNEL;;CR__
IUDLYACCAB;Account_Management;;C___
IUDLYACCAB;Financial_Markets;;CR__
IUEXPSSI;Financial_Markets;;CR_D
IUFRASET;Financial_Markets;;CRU_
IUFRTRPTRA;Financial_Markets;;CRUD
IUFUTIRS;Financial_Markets;;CR__
IUFXTRPTRA;Financial_Markets;;CRUD
IUINIPMTDT;Financial_Markets;;CR_D
IUINIWARDT;Financial_Markets;;C__D
IUINVFRA;Financial_Markets;;C___
IUINVFX;Financial_Markets;;CR__
IUINVIRF;Financial_Markets;;C___
IUINVIRS;Financial_Markets;;CRU_
IUINVLD;Lending;;CRUD
IUINVLD;Financial_Markets;;CRU_
IUINVOP;Financial_Markets;;CR__
IUIPUBART;Financial_Markets;;CR_D
IUIPUBART;Payment_And_Cash_Management;;C__D
IUIPUSWF;Financial_Markets;;C__D
IUIPUSWF;Payment_And_Cash_Management;;C__D
IUIRFMRG;Financial_Markets;;CRU_
IUIRMACK;TECHNICAL_KERNEL;;CR__
IUIRSFIX;Financial_Markets;;CRU_
IUISPIODEL;Financial_Markets;;C___
IULDIRF;Financial_Markets;;CR__
IULDIRFCON;Financial_Markets;;CRU_
IULDIRSTR;Financial_Markets;;C___
IULDRCNV;Financial_Markets;;CR__
IULDRDSFF;Financial_Markets;;CRUD
IULDRDSFFC;Financial_Markets;;CRU_
IULDRDSFFM;Financial_Markets;;CR_D
IULDRDSFR;Financial_Markets;;CRUD
IULDRDSIR;Financial_Markets;;CRU_
IULDRDSOP;Financial_Markets;;CRUD
IULDWSIRS;Financial_Markets;;CRU_
IULOADFRTR;Financial_Markets;;CRU_
IULOADFXTR;Financial_Markets;;CRUD
IULOADLC;Lending;;C___
IULOADLDTR;Financial_Markets;;CRUD
IUMKSWCN2;TECHNICAL_KERNEL;;C___
IUMLYACCF3;Account_Management;;C___
IUMLYACCF3;Financial_Markets;;CR__
IUMLYACCFF;Account_Management;;C_U_
IUMLYACCFF;Financial_Markets;;CR__
IUMLYACCFR;Account_Management;;C___
IUMLYACCFR;Financial_Markets;;C___
IUMLYACCFR;TECHNICAL_KERNEL;;CR__
IUMLYACCIR;Account_Management;;C___
IUMLYACCIR;Financial_Markets;;C___
IUMLYACCL3;Account_Management;;C___
IUMLYACCL3;Financial_Markets;;CR__
IUNETCOPM;Financial_Markets;;C___
IUNETCOPM;Payment_And_Cash_Management;;C___
IUNOSCHG;Lending;;C___
IUNOSCHG;Financial_Markets;;C___
IUNOSCHG2;Lending;;C___
IUNOSCHG2;Financial_Markets;;C___
IUNOSVALMT;Financial_Markets;;CR_D
IUOPTRPTRA;Financial_Markets;;CRUD
IUPAYLOAD;Financial_Markets;;CR__
IUSELCONPM;Financial_Markets;;CRUD
IUSELCONPM;Payment_And_Cash_Management;;CRUD
IUSELDAYCN;Financial_Markets;;CRU_
IUSELDAYCN;Payment_And_Cash_Management;;CRU_
IUSWFACK;Financial_Markets;;C___
IUSWFACK;Payment_And_Cash_Management;;C___
IUSWFACK;TECHNICAL_KERNEL;;CR__
IWARM;Financial_Markets;;C___
IWODM;Financial_Markets;;C___
JAAUAHLBO;Account_Management;;CRU_
JTDCNDO;Payment_And_Cash_Management;;CR_D
JTLCORO;Account_Management;;C__D
JTREPADETS;Finance;;CR__
JTREPADETS;Account_Management;;CRU_
JTREPADETS;TECHNICAL_KERNEL;;CR__
LBGRS;TECHNICAL_KERNEL;;C___
LBRAS;TECHNICAL_KERNEL;;C___
LBRCS;Financial_Markets;;C___
LBROS;Account_Management;;C___
LCBIM;Account_Management;;CRU_
LCBNM;Account_Management;;C___
LCCCM;TECHNICAL_KERNEL;;C___
LCCYS;TECHNICAL_KERNEL;;C___
LCGRS;TECHNICAL_KERNEL;;C___
LCI1C;Account_Management;;CRU_
LCI2C;Account_Management;;CRU_
LCI3C;Account_Management;;CRU_
LCI4C;Account_Management;;CRU_
LCI5C;Account_Management;;CRU_
LCI6C;Account_Management;;CRU_
LCI7C;Account_Management;;CRU_
LCIYS;TECHNICAL_KERNEL;;C___
LCLIS;TECHNICAL_KERNEL;;C___
LCORC;Account_Management;;C___
LCP1C;Account_Management;;C___
LCP2C;Account_Management;;C___
LCP2C;Lending;;C___
LCP3C;Account_Management;;C___
LCP4C;Account_Management;;C___
LCP5C;Account_Management;;C___
LCP6C;Account_Management;;C___
LCP7C;Account_Management;;C___
LCPSS;Account_Management;;C___
LCRYS;TECHNICAL_KERNEL;;C___
LCSTM;TECHNICAL_KERNEL;;C___
LCT3C;Account_Management;;C___
LCT3C;Lending;;C___
LCTIF;Account_Management;;C___
LCTIF;Lending;;C___
LCTSM;Account_Management;;C___
LELCS;Account_Management;;C___
LELIC;Account_Management;;CRU_
LELIF;Account_Management;;C___
LHOLM;TECHNICAL_KERNEL;;C___
LOJBMG;Account_Management;;CR_D
LOJBMG;Payment_And_Cash_Management;;C__D
LOJCORO;Account_Management;;CRUD
LOJDCNDO;Payment_And_Cash_Management;;CRU_
LOJDINR;Account_Management;;CR_D
LOJDINR;Payment_And_Cash_Management;;C___
LOJEOD;TECHNICAL_KERNEL;;CRUD
LOJGCNVO;TECHNICAL_KERNEL;;CR_D
LOJGPARO;TECHNICAL_KERNEL;;CRU_
LOJHOL;TECHNICAL_KERNEL;;CRUD
LOJICNFS;Payment_And_Cash_Management;;CRUD
LOJPSD;Payment_And_Cash_Management;;CRU_
LOJREFER;TECHNICAL_KERNEL;;C_UD
LOJREFER3;TECHNICAL_KERNEL;;C_UD
LOJTMP;Payment_And_Cash_Management;;CR_D
LPHIC;Account_Management;;CRU_
LPHIF;Account_Management;;C___
LPHYS;Account_Management;;C___
LPI1M;Account_Management;;CRU_
LPI2M;Account_Management;;CRU_
LPI3M;Account_Management;;CRU_
LPIFM;Account_Management;;CRU_
LPIIM;Account_Management;;CRU_
LPILM;Account_Management;;CRU_
LPRCM;TECHNICAL_KERNEL;;C___
LPRDS;TECHNICAL_KERNEL;;C___
LPSIC;Account_Management;;CRUD
LPSIF;Account_Management;;C___
LPSNS;Account_Management;;C___
LPTIF;Account_Management;;C___
LPTIF;Lending;;C___
LRCEM;Finance;;CRU_
LRCEM;TECHNICAL_KERNEL;;C___
LRCES;Finance;;C___
LRESS;TECHNICAL_KERNEL;;C___
LSLUTIL;Finance;;CRUD
LSLUTIL;Account_Management;;CRUD
LSLUTIL;Financial_Markets;;CR__
LSLUTIL;Payment_And_Cash_Management;;CR_D
LSLUTIL;TECHNICAL_KERNEL;;CR_D
LSLUTIL2;Finance;;CR_D
LSLUTIL2;Account_Management;;CRUD
LSLUTIL2;Lending;;CRUD
LSLUTIL2;TECHNICAL_KERNEL;;CR_D
LSLUTIL3;Finance;;CR_D
LSLUTIL3;Account_Management;;CR_D
LSLUTIL3;TECHNICAL_KERNEL;;CRUD
LSUPS;Finance;;C___
LSUTC;TECHNICAL_KERNEL;;C___
LULDCUSDUB;Account_Management;;C___
LULDTARGET;Payment_And_Cash_Management;;CRUD
LULOADBCOR;Account_Management;;CRUD
LULOADHOL;TECHNICAL_KERNEL;;CRUD
LUNYCLCTPS;Account_Management;;CR__
LUNYCLCTPS;TECHNICAL_KERNEL;;CR__
LUUPDACCOF;Account_Management;;C___
LUUPDACCOF;Lending;;C___
LUUPDACCOF;Financial_Markets;;C___
M101C;Payment_And_Cash_Management;;CRU_
M102C;Payment_And_Cash_Management;;CRUD
MICDA;Account_Management;;CRUD
MICHA;Payment_And_Cash_Management;;CRUD
MICOD;Payment_And_Cash_Management;;CRUD
MIDDC;Account_Management;;CRU_
MIDDC;Payment_And_Cash_Management;;CR_D
MII1C;Payment_And_Cash_Management;;CRU_
MII3C;Payment_And_Cash_Management;;CRU_
MIO1C;Payment_And_Cash_Management;;CRU_
MIO3C;Payment_And_Cash_Management;;CRU_
MUMKMT100;TECHNICAL_KERNEL;;C___
MUPMNTACC;Account_Management;;CR__
MUPMNTACC;Payment_And_Cash_Management;;CRU_
MUPMNTACC;TECHNICAL_KERNEL;;C___
MUPMNTPRT;TECHNICAL_KERNEL;;C___
MUPMNTSIN;Account_Management;;CR__
MUPMNTSIN;Payment_And_Cash_Management;;CR_D
MUPMNTSIN;TECHNICAL_KERNEL;;C___
PAEVTO101;Account_Management;;C___
PAEVTO102;Account_Management;;C___
PAEXRL101;TECHNICAL_KERNEL;;C___
PAEXRSAMP;TECHNICAL_KERNEL;;C___
PRSIF;TECHNICAL_KERNEL;;C_U_
RCHDS;Account_Management;;C___
RCHDS;Financial_Markets;;CRU_
RCHQC;Account_Management;;C___
RCHQC;Financial_Markets;;C___
RCHQC;Payment_And_Cash_Management;;CRUD
RCHR1;Payment_And_Cash_Management;;CRU_
RCHSC;Payment_And_Cash_Management;;CRU_
RCOCC;Financial_Markets;;C___
RCOCS;Financial_Markets;;C___
RCOCS;Payment_And_Cash_Management;;CRUD
RCODS;Account_Management;;C___
RCODS;Financial_Markets;;CRU_
RCODS;Payment_And_Cash_Management;;CR_D
REFER;TECHNICAL_KERNEL;;C_U_
RFMNU;TECHNICAL_KERNEL;;C_U_
RMCREFOL;Finance;;C___
RMCREFOL;Account_Management;;C___
RMGCNVODRF;TECHNICAL_KERNEL;;CR_D
RMGCNVOSEP;TECHNICAL_KERNEL;;CR_D
RMGPARO;TECHNICAL_KERNEL;;CRU_
RUCHQCLRSC;Account_Management;;C___
RUCHQVALSC;Account_Management;;C___
TJAENCRYPT;TECHNICAL_KERNEL;;C_U_
TOBACCO;Account_Management;;CRUD
TOBACCO;Payment_And_Cash_Management;;CR_D
TOBACCO;TECHNICAL_KERNEL;;CR_D
TOBARACCO1;Finance;;C___
TOBARACCO1;Account_Management;;CRU_
TOBARACCO2;Account_Management;;CRU_
TOBARACCO3;Lending;;CRUD
TOCMIACCO;Account_Management;;CRUD
TOCMIACCO;Payment_And_Cash_Management;;CR_D
TOCMIACCO;TECHNICAL_KERNEL;;CR_D
TOCMIACCO2;Account_Management;;CRUD
TOCONDIS;Payment_And_Cash_Management;;C__D
TODACCO;Finance;;CRU_
TODACCO;Account_Management;;CR__
TODACCO;Financial_Markets;;CR__
TODACCO;TECHNICAL_KERNEL;;CRU_
TOGSEMO;TECHNICAL_KERNEL;;C__D
TOMCUST;Finance;;CR_D
TOMCUST;Account_Management;;CRUD
TOMCUST;TECHNICAL_KERNEL;;CR_D
UPDDCNDO;Payment_And_Cash_Management;;CR_D
UPDGPARO;TECHNICAL_KERNEL;;CRUD
WPIRCE;Account_Management;;CRU_
WPIRCE2;Account_Management;;CRU_
XFXCM;Finance;;CRUD
XGACM;Finance;;C___
XGACS;Finance;;C___
XGBRM;Finance;;C___
XGBUM;Finance;;C___
XGCAS;Finance;;CR__
XGDCS;Finance;;CR__
XGDSM;Finance;;CR__
XGEFM;Finance;;CR__
XGEFS;Finance;;CR__
XGMCM;Finance;;C___
XGMCS;Finance;;C___
XGMCS;Account_Management;;C___
XGPAM;Finance;;CR__
XGPAS;Finance;;CR__
XGPMM;Finance;;CR__
XGSAM;Finance;;CRU_
XGSAS;Finance;;CRU_
XGSAS;Account_Management;;C___
XHVBM;Finance;;CRUD
XLACCRLIST;Finance;;CR__
XUCREPAYM;Finance;;CR__
XUCREPAYM;Payment_And_Cash_Management;;C___
XUFXCABS;Account_Management;;CR__
XUFXCREDS;Finance;;C___
XUGEXBAL;Finance;;CRU_
XUGEXRUB;Finance;;CRUD
XUGEXUPD;Finance;;CRUD
XULOADMISC;Finance;;CR__
ALBDP001;Finance;Local_Regulatory_Reporting_Layer;Central Banking Portugal
ALCBI001;Finance;Local_Regulatory_Reporting_Layer;Central Banking Ireland
ALDLLBOS;Finance;Local_Regulatory_Reporting_Layer;Reporting Spain
ALHKM001;Finance;Local_Regulatory_Reporting_Layer;Central banking HK
ALLZB001;Finance;Local_Regulatory_Reporting_Layer;Central Banking Germany
ALLZB001;Finance;Local_Regulatory_Reporting_Layer;Internal reporting Italy
AUBKELIS;Account_Management;Current_Account_Engine;Auto-Booking Entries Listing
DLDLLPBOS;Account_Management;Current_Account_Engine;Shadow Download Dublin/geneva for reporting (lists accounting details with summary)
BLDLYFWD;Financial_Markets;Arrangement_Management;Forward Dated bond deals report
GLEURDEALS;Lending;Arrangement_Management;List Contracts, Facilities ?
ALCUSTMIL;MDM_Management;Party_Management;Customer listing
ALDLLCPCA;Finance;General_Ledger;Customer profitability
ALDLLTOTB;Finance;General_Ledger;Total balances download
CLEQOPOUT2;Financial_Markets;Financial_Markets_Trade_engine;Share trading options
DUACCBLK;Account_Management;Current_Account_Engine;Reporting of blocked accounts
ADLG1;Finance;General_Ledger;Detailed Account/Ledger Rubric
AHLP1;Account_Management;Current_Account_Engine;Detailed Account Menu
ALADLGS;Finance;General_Ledger;List ADLGS
ALBSH187;Finance;General_Ledger;Balance sheet reporting
ALBSH188;Finance;General_Ledger;Balance sheet reporting
ALDETBSC;Finance;General_Ledger;Balance sheet reporting
ALDETBSH;Finance;General_Ledger;Balance sheet reporting
ALDLLADETS;Account_Management;Current_Account_Engine;Detailed account report download
ALEXCRAT01;Finance;General_Ledger;Daily reporting
ILCNFMAN;Financial_Markets;;Manual booking entry confirmation?
AUMDCDUP;Account_Management;;Check double AFOLO?
ALFOLDIR;Account_Management;;Reporting of currently active accounting folders?
ALFOLCHK;Account_Management;;Reporting of accounting folders totals?
AUMDCREP;Account_Management;;Multiple D/C Enries Report ?
AMDCO;Account_Management;;D/C Folders?
LSUPL;Finance;General_Ledger;Logging
XGBU4;Finance;General_Ledger;Budgets inquiry
XGBUL;Finance;General_Ledger;Expenses budget logg
XGBUO;Finance;General_Ledger;Expenses budgets
XGDCL;Finance;General_Ledger;Documents logging
XGMVL;Finance;General_Ledger;Movements logging
XGMVO;Finance;General_Ledger;Movements
XLEXPFLIST;Finance;General_Ledger;GEX forms list
XLMISCEOD;Finance;General_Ledger;GEX lists
XLMISCLIST;Finance;General_Ledger;GEX lists
XLRUBLIST;Finance;General_Ledger;GEX lists
XLSALREOD;Finance;General_Ledger;GEX lists
ALDLSUMVT;Account_Management;;EOD report of all total D/C movements?
ILDOCTCOM;Finance;General_Ledger;Ledger balances and difference of commissions report
ALMVTREPI;Finance;General_Ledger;Monthly movements
DLSMCTAM1;Account_Management;Risk_Reporting_Layer;Download smtc
ALAIBRTAB;MDM_Management;Reference_Data_Manager;print interbranch table
IUCLNTBL;MDM_Management;Reference_Data_Manager;cleanup aibro
CLCPACIRC;Lending;;Download account interest conditions?
DLDLLACRIT;Finance;General_Ledger;Download monthly accruals?
AJST1;Account_Management;Current_Account_Engine;Booking Entries Justif
AJST5;Account_Management;Current_Account_Engine;Booking Entries Justif
AJST6;Account_Management;Current_Account_Engine;Booking Entries Justif
AJST7;Account_Management;Current_Account_Engine;Booking Entries Justif
AUDLLTAT;Finance;General_Ledger;Accounting reporting
ALJSTCON;Account_Management;General_Ledger;Booking Entries Justif
ALBASS;Finance;General_Ledger;Basic Allocation Table Report
ALHKMS01;Finance;General_Ledger;HKG Balance Sheet
ALRBRCHK;Finance;General_Ledger;Total ledger balances report
ALRBRO;Finance;General_Ledger;Ledger Rubric Table Report
AUBASS;Finance;General_Ledger;Update ABASS
AULOCRES;Finance;General_Ledger;Resequence Basic Alloc. Tabl
AP-004FOLBALCHK;Account_Management;;Balance check on D/C Folder?
ALACCJUS8;Finance;General_Ledger;JUSTIFICATION FMC P&L + POS E?
ALACCJUS9;Finance;General_Ledger;Justification forex&ircs day balance?
ALRGRPOS;Finance;General_Ledger;Regroupment FX Positions?
AUMVTCLN;Account_Management;General_Ledger;Booking Entries Cleaning
ALBSH600;Finance;General_Ledger;Balance sht with month D C Mvm
AUNTUDEL;Account_Management;Current_Account_Engine;Physical delete ANTUS
ALANTUS;Account_Management;Current_Account_Engine;List ANTUS
CULOADCBFM;Financial_Markets;Financial_Markets_Trade_engine;Load of GFB data (Private Banking Brussels)
ALINTINT;Account_Management;Current_Account_Engine; Internal Interest Statement
ALINTREP;Account_Management;Current_Account_Engine;Interest listing report
ALTAXHST;Account_Management;Current_Account_Engine;Tax history
ARES1;Account_Management;Current_Account_Engine;individual account history
ARES4;Account_Management;Current_Account_Engine;individual account results history
DLPRINTSTD;Account_Management;Current_Account_Engine;Lisbon stamp duty (on debit interest)
GI-031CALCTAX;Account_Management;Current_Account_Engine;Calculate Tax
ALTAXKOL;Account_Management;Current_Account_Engine;Create tax advice
DLDLLPBPF;Account_Management;Current_Account_Engine;Gen.Trans + periodic fees
ALDLCBITAC;Account_Management;Local_Reporting_Layer;CBI Accounts Download?
ALUIC001;Account_Management;Local_Reporting_Layer;Internal reporting Italy?
ALINTRES;Account_Management;Current_Account_Engine;Interest calc summary
CLWHTSDT;Account_Management;Current_Account_Engine;Monthly Overv WH and SOLI Tax
ALFCM130;Financial_Markets;Financial_Markets_Trade_engine;margin remaining to cover
ALFXDYMVT;Financial_Markets;Financial_Markets_Trade_engine;FX positions daily movement
ALMARCOV;Financial_Markets;Financial_Markets_Trade_engine;margin remaining to cover
RLCHQCLRBA;Payment_And_Cash_Management;Payments_Execution_Engine; Clr Chq Batches - Select Print
RUCHQCLRMV;Payment_And_Cash_Management;Payments_Execution_Engine;Cheque Invent. Dly Trans & Cln
RUCHQPUR;Payment_And_Cash_Management;Payments_Execution_Engine;Purge Cheques of CLR & COL 
XLSUPBAL;Finance;General_Ledger;GEX Acc.Bal.(aged) Suppl./PMM
ALRGRPOS3;Financial_Markets;Financial_Markets_Trade_engine;FX positions
ALMVTREP3;Finance;General_Ledger;Booking Entries Dly Mnthly SBD
ILCNFLDFX;Financial_Markets;Financial_Markets_Trade_engine;L&D and FX deals Confirmations
ALGENINTCD;Account_Management;Current_Account_Engine;General Int.Settlem.Conditions
ATAX5;Account_Management;Current_Account_Engine;Tax settlement
ALAUBKETRC;Finance;General_Ledger;List ATRCS
TOADETFAC;Lending;Business_Lending_Engine;available bal check/facilities
RLFACDRAW;Lending;Business_Lending_Engine;Facility drawings inquiry
RLCHQCLRSE;Payment_And_Cash_Management;Payments_Execution_Engine;Cleared cheques inventory report
RCOC5;Payment_And_Cash_Management;Payments_Execution_Engine;DOMESTIC CHEQUES INQUIRY
RCOC4;Payment_And_Cash_Management;Payments_Execution_Engine;DOMESTIC COLLECTED CHEQUES
RCHQS;Payment_And_Cash_Management;Payments_Execution_Engine;Cleared cheques Maint.
RCHQ4;Payment_And_Cash_Management;Payments_Execution_Engine;Cleared cheques
RCHQ5;Payment_And_Cash_Management;Payments_Execution_Engine;cleared cheques
MOC1F;Payment_And_Cash_Management;Payments_Execution_Engine;Authorise Outgoing MT202
MOC1C;Payment_And_Cash_Management;Payments_Execution_Engine;MT202/205 Maintenance - Outg
MIC1F;Payment_And_Cash_Management;Payments_Execution_Engine;Authorise Incoming MT202
MIC1C;Payment_And_Cash_Management;Payments_Execution_Engine;MT202/205 Maintenance - Incom.
LLPACTRA;Account_Management;Current_Account_Engine;Pooling Account transactions
LLPACBAL;Account_Management;Current_Account_Engine;Pooling Account balances
INVMO;Financial_Markets;Current_Account_Engine;Nostro Value Movements?
ILNOSDTPOS;Account_Management;Current_Account_Engine;Nostro Day Time position
ILNOSDTPO2;Account_Management;Current_Account_Engine;Nostro Day Time position
ILNOSDTFUT;Account_Management;Current_Account_Engine;Copy of ILNOSDTPOS
ILNOSDTBND;Financial_Markets;;Nostro Day Time position-Bonds?
ILDLLCSS12;Lending;;Commission Analysis Download?
ILBOEAGIN2;Finance;Local_Reporting_Layer;Bank of England
GP-147GET-FACILTY;Lending;Business_Lending_Engine;Calc. intra-day avail Facility
GP-069-RESERVE2;Account_Management;Current_Account_Engine;reserve amount adets
GP-069-RESERVE;Account_Management;Current_Account_Engine;reserve amount adets
GP-072-BAL-CHECK;Account_Management;Current_Account_Engine;Balance check adets
DULDDDCRGB;Payment_And_Cash_Management;Instruction_and_Order_Management;Direct Debits London
DIOTC;Payment_And_Cash_Management;Payments_Execution_Engine;Outgoing Italian F24 tax payments
DIOEC;Payment_And_Cash_Management;Payments_Execution_Engine;Outgoing SEPA payments
DIDEC;Payment_And_Cash_Management;Payments_Execution_Engine;SEPA Direct Debits Mnt
CUDLYABS;Lending;Arrangement_Management;DAILY ABSTRACTS COM. LOANS 
CUCRSWCM2;Lending;Payments_Execution_Engine;Create swift paym. Comm.Loans
CP-001-PMTCHK;Account_Management;Current_Account_Engine;Check if cust acct exists
ALACCJUS1;Finance;General_Ledger;Justification P&L
ALACCJUS6;Finance;General_Ledger;Justification P&L
ALACCJUS8;Finance;General_Ledger;Justification P&L
ALACCJUS9;Finance;General_Ledger;Just. of Forex and IRCS Day Bal
ALADBAL;Account_Management;Clearing_and_Settlement_Engine;Balances of alliance banks (report used for alliance bank clearing&settlement)
ALCHKDEC;Account_Management;Current_Account_Engine;For. Ccy ADETS with wrong decs
ALCNVCLSAC;Account_Management;Current_Account_Engine;List Converted/Closed Accounts
ALCUSTMIL;MDM_Management;Party_Management;Customer listing
ALDETHOF;Account_Management;Current_Account_Engine;List ADETS
ALDLAVGBAL;Account_Management;Current_Account_Engine;Download average balance of accounts
ALDLCBRPT;Finance;Local_Regulatory_Reporting_Layer;Download CBR portugal
ALLSTADETS;Account_Management;Current_Account_Engine;List ADETS
ALKOLCONF;UNUSED;Current_Account_Engine;KOL account confirmations
ALVERPL;Finance;General_Ledger;P&L Accounts not cleared
ALAUBKETRT;Finance;General_Ledger;List ATRTS
ALAUBKEBKT;Finance;General_Ledger;List ABKTS
ATRT5;Finance;General_Ledger;List AEVTS?
CUDLYSHROP;Financial_Markets;Arrangement_Management;Daily report share options
BLDLL;Financial_Markets;Arrangement_Management;Download BDLGO (bond deals) to PC
BBOKS;Financial_Markets;Financial_Markets_Trade_engine;BOND Position Book
BDL2C;Financial_Markets;Arrangement_Management;Additional Bond deal maint
BLACJUSPOR;Financial_Markets;?;Justification Bond Port Accs?
BLBISINV;Financial_Markets;Arrangement_Management;Bond Inventory Report
BUDLYCLU;Financial_Markets;Arrangement_Management;BOND DAILY CLEANUP
CUMAKRISSE;Lending;Local_Reporting_Layer;TFR ==> RIS : SECURITIES
BSWC5;Financial_Markets;Financial_Markets_Trade_engine;LIST BOND SWIFT CNF / PMT
ILEXPBNK50;Lending;Risk_Reporting_Layer;Lists 50 Largest expos. Banks based on Facilities
ILEXPCLI50;Lending;Risk_Reporting_Layer;Lists 50 Largest expos. Clients based onFacilities
CLWARROLL2;Lending;Business_Lending_Engine;Commercial loan roll-ver last warning
CLWARROLL;Lending;Business_Lending_Engine;Commercial loan roll-ver last warning
BLACJUSPOR;Financial_Markets;Financial_Markets_Trade_engine;Portfolio account justification bond
BIS2C;Financial_Markets;Financial_Markets_Trade_engine;Additional Info on Issuances 
IULDTRPTRA;Financial_Markets;Financial_Markets_Trade_engine;transported BTS transactions report (L&D)
CBFM5;UNUSED;;ANALYS. FORTUNE MANAGEMENT BXL
CLSECINVRE;Lending;Collateral_Management;Security History Report  
CURTRFILL;Lending;Business_Lending_Engine;UPDATE STRUCURES IN CRTRO 
CLCUSTLND1;Lending;Consumer_Loans_Engine;Customer Detailed Loan Report
CLCUSTLOA1;Lending;Business_Lending_Engine;Cond.Loan Report Cust. CRTRO 
RCON6;Lending;Business_Lending_Engine;Real time risk  CRTRO
RCUV6;Lending;Business_Lending_Engine;Risk Inq.per Ccy/Val.dte CRTRO
RCYV6;Lending;Business_Lending_Engine;Risk inq.per country/value dte
RRSC6;Lending;Business_Lending_Engine;Relation Risk view CRTRO-based
CLBANKLOA1;Lending;Business_Lending_Engine;Condensed loan report Bank CRTRO
CLBANKLND1;Lending;Business_Lending_Engine;Bank Detailed Loan Report
CLBANKLIM1;Lending;Business_Lending_Engine;Condensed Bank limit report 
ALDLREPLOA;Lending;Business_Lending_Engine;Condensed Risk Download 
CCOM5;Lending;;Mult.inq. Commissions
CCRE1;Lending;;History Commission Inquiry
CLCOMCHGE;Lending;;Commission menu
CPOS5;Lending;Business_Lending_Engine; Currency position comm.loan
CLCMCONAL;Lending;Business_Lending_Engine;Comm.loans conclusion analysis
TOSYNSUB;Lending;Business_Lending_Engine;Comm.loans
CUCLEANRES;Lending;;Cleaning commisions result
CCRE5;Lending;;History Commission Inquiry
CURXMRECON;Financial_Markets;;RXM reconciliation
GP-054-CUST-FEE;Financial_Markets;Financial_Markets_Trade_engine;Calculation of Custody Fee
TLDLVORTE2;Account_Management;Risk_Reporting_Layer;Vortex download
TLDLVORTE3;Account_Management;Risk_Reporting_Layer;Vortex download
CEXP5;Financial_Markets;;Inquiry of CEXPS
CEXPS;Financial_Markets;;Commercial explication Invent.
GP-036-XSPOT;Financial_Markets;Financial_Markets_Trade_engine;Get Spot rate CEXRO.REXC
GP-040-FXPL;Financial_Markets;Financial_Markets_Trade_engine;Calc P&L for FX-Deals
GP-041-XREXCY;Financial_Markets;Financial_Markets_Trade_engine;Exchange rate CEXRO
GP-041-XSPOTY;Financial_Markets;Financial_Markets_Trade_engine;from ccy X to ccy Y via SPOT
GP-049-MTREVALUAT;Financial_Markets;Financial_Markets_Trade_engine;Revaluate MT deal
GP-059-MTPLREA;Financial_Markets;Financial_Markets_Trade_engine; MT realised P/L in cpolccy
ILFXMTMVAL;Financial_Markets;Financial_Markets_Trade_engine; FX TRANSACTIONS MTM VALUATION
CEXSM;Lending;Business_Lending_Engine;MULIPLE UPDATE EXCESSES
CLEXSOUTO;Lending;Business_Lending_Engine;Excess/Out of Order: List 
CUEXSOUTOH;Lending;Business_Lending_Engine;Excess History (Facilities)
CUMAKRISCL;Lending;Risk_Reporting_Layer;TFR ==> RIS : credit lines
CFACC;Lending;Business_Lending_Engine;Follow up of CFACS (facilities)
CFAC5;Lending;Business_Lending_Engine;Facilities Muliple Inquiry
CFAC6;Lending;Business_Lending_Engine;Facilities Muliple Inquiry
CFAT1;Lending;Business_Lending_Engine;Facility booking entries
CFAT5;Lending;Business_Lending_Engine;Facility booking entries
CI-014-CFACS-CHK;Lending;;Check Fac prod group
CLBCKWG18;Payment_And_Cash_Management;Payments_Execution_Engine;Load SWIFT payment
CLBNKEXP;Lending;Risk_Reporting_Layer;Bank Exposure
CLEXSSPOT;Financial_Markets;Financial_Markets_Trade_engine;SPOT EXCESS REPORT  
CLEXSSPOT2;Financial_Markets;Financial_Markets_Trade_engine;SPOT EXCESS REPORT  
CLFACCRTRE;Lending;Business_Lending_Engine;Facilities with Credit Type  
CLFACDOCIN;Lending;Business_Lending_Engine;Facil.with incompl.Doc/Securit
CLFACFLFCR;Lending;Business_Lending_Engine;Facilities Flat-file Creation
CLFACINT;Lending;Business_Lending_Engine;Facility Interim report
CLFACINVRE;Lending;Business_Lending_Engine;Facility Inventory Report
CLFACIRV2M;Lending;Business_Lending_Engine;Facilities Int.Review in X mm
CLFACLNREP;Lending;Business_Lending_Engine;Loan Repayment and Maturity
CLFACMAT2M;Lending;Business_Lending_Engine;Facilities Expiring in 2 month
CLFACMEMRE;Lending;Business_Lending_Engine;Facilities Warning Report Memo
CLFACNHOAP;Lending;Business_Lending_Engine; Facil. without HO-approval
CLFACOUTRE;Lending;Business_Lending_Engine;Facilities Outstanding
CLFACREPRE;Lending;Business_Lending_Engine;Repaym/Matur. History Report
CLFACOVER;Lending;Business_Lending_Engine;List Overrules  
CLGUAINTER;Lending;Business_Lending_Engine;TEST GUARANTEES & SECURITIES
CLLOAOUT;Lending;Business_Lending_Engine;Customer Outstanding
CPBO2;Financial_Markets;Financial_Markets_Trade_engine;Private Banking Outstanding 
CSIMS;Lending;Business_Lending_Engine;Simplified inv. Commercial 
CURTRFAC;Lending;Arrangement_Management;Get facilities for a given contract
GP-147GET-CFACS;Lending;Business_Lending_Engine;Read required CFACS for faclty
GP-CHECK-CFACS;Lending;Business_Lending_Engine;Get and check CFACS
GP-CHECK-CFACS-2;Lending;Business_Lending_Engine;Get and check CFACS
LLCUSDEAL;Lending;Arrangement_Management;Listing Deals per customer
RRSC5;Lending;Risk_Reporting_Layer;Relation Risk View   
RRSC6;Lending;Risk_Reporting_Layer;Relation Risk View   based on CRTRO
CLFACINTRM;Lending;Business_Lending_Engine;List unauthorised facilities
CFA2M;Lending;Business_Lending_Engine;Maintaine interim Fac
CFAI5;Lending;Business_Lending_Engine;This multiple Inquiry screen lists all Facilities in the interim database
TLDLLRIS2;Account_Management;Risk_Reporting_Layer;Download RIS
CFUS5;Lending;Business_Lending_Engine;Mulitple Inquiry on FUS
CLFUSLST;Lending;Business_Lending_Engine;List FUS data
CGAT1;Lending;Business_Lending_Engine;Guarantees given booking
CGAT5;Lending;Business_Lending_Engine;Guarantees given booking
CLGUATRANS;Lending;Business_Lending_Engine;Daily trans. guarantees issued
CGUA5;Lending;Business_Lending_Engine;Guarantee mult.inq. 
CLGUAXDMAT;Lending;Business_Lending_Engine;Guarantees X day's matured
CLGUAREPRE;Lending;Business_Lending_Engine;Guarantees issued repayment
CMHIC;Lending;Business_Lending_Engine;Seprate comm loan contracts for validation
CMHI5;Lending;Business_Lending_Engine;Comm loans 4eyes
CMTI5;Lending;Business_Lending_Engine;Comm loans 4eyes
CLMTBNKPFY;Financial_Markets;Financial_Markets_Trade_engine;Internal profitability report
CLMTCUSPF2;Financial_Markets;Financial_Markets_Trade_engine;MT cust prof
CLMTCUSPFY;Financial_Markets;Financial_Markets_Trade_engine;MT cust prof
CLMTDEALS;Financial_Markets;Financial_Markets_Trade_engine;list MT deals
CLMTDEANEW;Financial_Markets;Financial_Markets_Trade_engine;Deals keyed in today
CLMTEXECUT;Financial_Markets;Financial_Markets_Trade_engine;MT exec deals
CLMTPORTFL;Financial_Markets;Financial_Markets_Trade_engine;MT cust portfolio report
CLMTWARMAT;Financial_Markets;Financial_Markets_Trade_engine;Deals maturing in x days
CMTC5;Financial_Markets;Financial_Markets_Trade_engine;Margin trading list of deals
CMTD1;Financial_Markets;Financial_Markets_Trade_engine;detailed deal info
CMTD5;Financial_Markets;Financial_Markets_Trade_engine;MARGIN TRADING DEALS
CMTDC;Financial_Markets;Financial_Markets_Trade_engine;Detailed deal Information-CHG
GP-042-MTPLCUST;Financial_Markets;Financial_Markets_Trade_engine;MT (Un)realised profit/loss
CMTEX;Financial_Markets;Financial_Markets_Trade_engine;MT Excesses follow up 
CI-FILL-CMTIM;Lending;;List the interim commercial loan trailer records
CCMHC;Lending;Arrangement_Management;Header commercial loans amend
CFNI1;Lending;Business_Lending_Engine;Funding inc.comm.loans Inq
CFNIC;Lending;Business_Lending_Engine;Funding inc. Comm.Loans Chg
CFNO1;Lending;Business_Lending_Engine;Funding Outg. comm.loans Inq
CFNOC;Lending;Business_Lending_Engine;Funding outg. Comm.Loans Chg
CI-FILL-CMTLM;Lending;Business_Lending_Engine;List comm loan trailer records
CINI1;Lending;Business_Lending_Engine;Comm.loan inc.interest inq. 
CINIC;Lending;Business_Lending_Engine;Comm.loan inc interest CHG  
CINO1;Lending;Business_Lending_Engine;Comm.Loan outg.interest inq.
CINOC;Lending;Business_Lending_Engine;Comm.loan outg. interest CHG 
CLCALLDEP;Lending;Business_Lending_Engine;Prime Based Loans Outstanding
CLCMLOALST;Lending;Business_Lending_Engine;List of paid interests 
CLCMOUTIN2;Lending;Business_Lending_Engine;Sub Partition Outstanding
CLCMOUTINT;Lending;Business_Lending_Engine;List Outstanding Deals  
CLCOMOUT;Lending;Business_Lending_Engine;List Outstanding  
CLCOMWAR;Lending;Business_Lending_Engine;Commercial Warning Comm. Loans
CLLSTWAR;Lending;Business_Lending_Engine;Last warning report Comm. Loan
CLPERSONNL;Lending;Consumer_Loans_Engine;Personnel Loans  
CLPRIBASLN;Lending;Business_Lending_Engine;Prime Based Loans Outstanding
CLPRIBASSM;Lending;Business_Lending_Engine;Prime Based Loan Account Summ.
CMTL4;Lending;Business_Lending_Engine;Trailer comm.loans summary inq
CMTL5;Lending;Business_Lending_Engine;Trailer comm.loans mult inq.
CPAYC;Lending;Arrangement_Management;Change extra payable/receivable amendments
CPTD1;Lending;Current_Account_Engine;Payment instruction details
CPTDC;Lending;Current_Account_Engine;Payment instruction details
CRECC;Lending;Arrangement_Management;Change extra payable/receivable amendments
CRMI1;Lending;Business_Lending_Engine;Reimb. Inc. comm.loans Inq
CRMIC;Lending;Business_Lending_Engine;Reimb.inc. comm. loans CHG 
CRMO1;Lending;Business_Lending_Engine;Reimb. outg. comm.loans Inq.
CRMOC;Lending;Business_Lending_Engine;Reimb. outg. comm.loans CHG 
CCME5;Lending;Business_Lending_Engine;Contract events Comm.Loan Cont
CLSHRSECVL;Financial_Markets;Collateral_Management;List securities held by PB
CLSECCOMP;Financial_Markets;Collateral_Management;Securities composition report
CLSHRPORTF;Financial_Markets;Financial_Markets_Trade_engine;Share portfolio report
CPBC5;Financial_Markets;Financial_Markets_Trade_engine;Private Banking Cust. Mult.inq
CPBGM;Financial_Markets;Party_Management;PB ctpy grouping
CLPBAUM;Financial_Markets;Financial_Markets_Trade_engine;Assests under mgmt
CI-INC-PAYM-INQ;Lending;Instruction_and_Order_Management;Inq inc.paym.instr comm.loans
CI-OUT-PAYM-INQ;Lending;Instruction_and_Order_Management;outgoing paym.instr. inquiry 
CI-UPD-CPTIO;Lending;Business_Lending_Engine;update cptio
TLDLDWH;Finance;Local_Reporting_Layer;Download IFS Data to SWE Data warehous
CLCROCO;Lending;Business_Lending_Engine;Lists RAROC info for Facilities
CURTRRISCH;Lending;Product_Management;Update Product Info in CRTRO
ALDLCBITCS;Finance;Local_Regulatory_Reporting_Layer;CBI Customer Download 
CLFACCRCS;Lending;;CARCASSE FOR FCR
CLSECFIMAT;Lending;Collateral_Management;?
CLSECFLFCR;Lending;Collateral_Management;Securities Flat-file Creation
CLSECMAT2M;Lending;Collateral_Management;Securities Expiring in 2 month
CLSECMATRE;Lending;Collateral_Management;Maturity History Report 
CLSECMEMRE;Lending;Collateral_Management;Securities Warning Report Memo
CLSECTYP2C;Lending;Collateral_Management;Securities per type / CCY (2
CLSECTYP2M;Lending;Collateral_Management;Securities per type/ccy/relat.
CSE3C;Lending;Business_Lending_Engine;Additional info CSECS
CSEC1;Lending;Collateral_Management;Sec Inv Inq
CSEC5;Lending;Collateral_Management;Securities Multiple Inquiry
CSEC6;Lending;Collateral_Management;
CSEC4;Lending;Collateral_Management;Securities per Security-giver
CSEI5;Lending;Collateral_Management;List all securities
CLSECINT;Lending;Collateral_Management;List securities
CLCPSHR;Financial_Markets;Financial_Markets_Trade_engine;MIS CPD Download Shares 
CSH2A;Financial_Markets;Financial_Markets_Trade_engine;share trading swift messages
CLSHRVOL;Financial_Markets;Financial_Markets_Trade_engine;Share Trading Volume Report
CLSHRPROLO;Financial_Markets;Financial_Markets_Trade_engine;Share Trading : Profit & Loss
CLSHRPROF;Financial_Markets;Financial_Markets_Trade_engine;Share Profitability Report
CLSHRMAS;Financial_Markets;Financial_Markets_Trade_engine;Share Dealing MAS Report 
CLSHRFEE;Financial_Markets;Financial_Markets_Trade_engine;MONTHLY TRANSACTION FEE REP
CLCASHINT;Financial_Markets;Financial_Markets_Trade_engine;Cash in Transit Report
GP-054-COMCSHAA;Financial_Markets;Financial_Markets_Trade_engine;Calcul commission on share tr
CSHC5;Financial_Markets;Financial_Markets_Trade_engine;Multi Inquiry of Comm. Charges
CSHDS;Financial_Markets;Financial_Markets_Trade_engine;Share dealtype
ILAUDITFFT;Account_Management;Local_Reporting_Layer;audit report about cust
ILAUDITLO3;Account_Management;Local_Reporting_Layer;audit report about cust
GP-044MATCH;Financial_Markets;;
CSHO5;Financial_Markets;Financial_Markets_Trade_engine;Multiple Inquiry Equity Option
CLCPEO;Financial_Markets;Financial_Markets_Trade_engine;MIS CPD Download CSHOO
CSHT5;Financial_Markets;Financial_Markets_Trade_engine;Share Type Multiple Inquiries
CSIM5;Lending;;Inq.simp.inventory Commercial
CLPRIBNK2;Financial_Markets;; Priv. Bank. customer portfolio
CLPRIBNK;Financial_Markets;; Priv. Bank. customer portfolio
DULDDTACH;Payment_And_Cash_Management;Payments_Execution_Engine;Upload Global Debit Payments (Geneva)
DULDGLBPT;Payment_And_Cash_Management;Payments_Execution_Engine;Global Debit Lisbon
DULDCBIIT;Payment_And_Cash_Management;Payments_Execution_Engine;upload credemtel   
DULDBACSIE;Payment_And_Cash_Management;Payments_Execution_Engine;Load BACS payments (IE)
DULDBACSGB;Payment_And_Cash_Management;Payments_Execution_Engine;Load BACS Payments (GB)
DUNXTPMTDT;Payment_And_Cash_Management;Payments_Execution_Engine;Calculate Next Payment Date
DLCONDTYP;Payment_And_Cash_Management;Product_Management;List Conditions type
GP-071COND;Payment_And_Cash_Management;Product_Management;Read cond table
DUCALCOSPE;Payment_And_Cash_Management;Product_Management;Calc cheque periodic charge
DCNP5;Payment_And_Cash_Management;Product_Management;Periodic Cost Mult Inq
DCND5;Payment_And_Cash_Management;Product_Management;Multiple INQ on Conditions
DCNB5;Payment_And_Cash_Management;Product_Management;Mult inq batch conditions
AC2IC;Account_Management;Arrangement_Management;Interim Addit Acc Charge Types
ACHIC;Account_Management;Arrangement_Management;4 eyes acc charge type
DCNI5;Payment_And_Cash_Management;Product_Management;Multiple INQ on Conditions (4eyes)
DLCONDINT;Payment_And_Cash_Management;Product_Management;Payment conditions interim list
DPRI5;Payment_And_Cash_Management;Product_Management;Mult. Inq Repat/AccPer Interim
ALCONDCUST;Account_Management;Arrangement_Management;Cust Acc Conditions
ALDLLCUSAC;Account_Management;Arrangement_Management;Download of Miscellaneous Data
DCNT5;Payment_And_Cash_Management;Product_Management;List Condition Type & Amounts
DLDLLGPIT;UNUSED;;G.Trans + periodic fees - It
DCND6;Payment_And_Cash_Management;Product_Management;Multiple INQ on Conditions Log
DLDLLSIB;UNUSED;;SIB Italian Download Report
DLPMTTRS;Payment_And_Cash_Management;Local_Reporting_Layer;Print Pmt Trs Int file
GP-071SETUP;Payment_And_Cash_Management;Product_Management;Setup conditions on product for cutoff times
CLCPPMT2;Payment_And_Cash_Management;Local_Reporting_Layer;Download Payments TEST
ADBA2;Account_Management;Current_Account_Engine;Display Balances & Payment Fac
DLACCDWH;Account_Management;;Download account data for datawarehouse
GP-072-BAL-CHECKC;Account_Management;Current_Account_Engine;balance check on customer accounts
GP-072-BAL-CHECKN;Account_Management;Current_Account_Engine;balance check on customer accounts
GP-072-BAL-CHECKT;Account_Management;Current_Account_Engine;balance check on customer accounts
GP-147ADJ-AMUNT;Lending;;Subtract CRTRO & ADETS 4 Facly
DCTI5;Payment_And_Cash_Management;;Mult Inq DCTIO 
DUPURCNDI;Payment_And_Cash_Management;Product_Management;Purge PMT conditions
ALDLCBITMV;Finance;Local_Regulatory_Reporting_Layer;CBI Movements download
DLDRFCHG;Payment_And_Cash_Management;Payments_Execution_Engine;Display diff. charges 4 Draft
DLLSBTAX;Account_Management;Current_Account_Engine;LIST TAXES FOR PMT
DLTRXDWH;Finance;Local_Reporting_Layer;DWH download
DPMT5;Payment_And_Cash_Management;Payments_Execution_Engine;Mult. Inq. Inventory
DUDLLBE04;UNUSED;Clearing_and_Settlement_Engine;download OMF files to SLBE clr
DUDLLDRAFT;Payment_And_Cash_Management;Payments_Execution_Engine;Download of Collected Drafts
GLEASYSERV;TECHNICAL_KERNEL;TECHNICAL_KERNEL;EASY server
CLCPPMTC;Payment_And_Cash_Management;Local_Reporting_Layer;MIS CPD Download Paym. DCTRO
DLLSTDDC;Payment_And_Cash_Management;Arrangement_Management;Align PCM functionalities
DULDCLLVIE;Payment_And_Cash_Management;Clearing_and_Settlement_Engine;Low val dom. Clear upl'd - IE
GP-160-DIC;Payment_And_Cash_Management;Arrangement_Management;debit instruction contract
DLNBREPES;Finance;Local_Regulatory_Reporting_Layer;Download for Central Bank Rep
DUDLLCLECH;Payment_And_Cash_Management;Clearing_and_Settlement_Engine;Download for Swiss Clearing
GP-148-103CHK;Payment_And_Cash_Management;Payments_Execution_Engine;Validate MT103 in Interim
DPTH5;Payment_And_Cash_Management;Payments_Execution_Engine;Mult. Inq. Pmt History
RMUPDFIDO;Payment_And_Cash_Management;;???
DPTL5;Payment_And_Cash_Management;Payments_Execution_Engine;List Transactions in Log 
DLLOGLST;Payment_And_Cash_Management;;List of logging file diptl
GI-133-BATCH;TECHNICAL_KERNEL;TECHNICAL_KERNEL;EODbatch WARNINGS
ALCRYMONIT;Payment_And_Cash_Management;Local_Regulatory_Reporting_Layer;High risk country monitoring
DIDDF;Payment_And_Cash_Management;Payments_Execution_Engine;Auth. Dir Deb trs 
DIDEF;Payment_And_Cash_Management;Payments_Execution_Engine;SEPA Direct Debits - Auth
DIIEC;Payment_And_Cash_Management;Payments_Execution_Engine; Outgoing SEPA payments
DIIEF;Payment_And_Cash_Management;Payments_Execution_Engine; Outgoing SEPA payments
DIIGF;Payment_And_Cash_Management;Payments_Execution_Engine;Author. Inc. Pmt. Germany
DIII2;Payment_And_Cash_Management;Payments_Execution_Engine;Inq Det Intl Pmt
DIIIF;Payment_And_Cash_Management;Payments_Execution_Engine;Authorize Intl Inc Pmt
DIINF;Payment_And_Cash_Management;Payments_Execution_Engine;Author. Inc. Pmt Nether.   
DIIRC;Payment_And_Cash_Management;Payments_Execution_Engine;Incoming reversals for SIB-IFS
DIIUF;Payment_And_Cash_Management;Payments_Execution_Engine;Auth. Incoming domestic
DIOEF;Payment_And_Cash_Management;Payments_Execution_Engine;Outgoing SEPA payments
DIOGF;Payment_And_Cash_Management;Payments_Execution_Engine;Author. Interim Out. Pmt Germ. 
DIOI2;Payment_And_Cash_Management;Payments_Execution_Engine;Inquiry Details Intl Out Pmt
DIOIF;Payment_And_Cash_Management;Payments_Execution_Engine; Authorize Internat. Pmt MT100
DIONF;Payment_And_Cash_Management;Payments_Execution_Engine;Author. Int. Outg. Nether
DIORC;Payment_And_Cash_Management;Payments_Execution_Engine;Domestic Outgoing Reversals
DIOTF;Payment_And_Cash_Management;Payments_Execution_Engine;Authorise Ital F24 Tax Pmnts 
DIOUF;Payment_And_Cash_Management;Payments_Execution_Engine;Auth. Outgoing Domestic 
DUCLRBLKAM;UNUSED;Clearing_and_Settlement_Engine;Clear the Blocked Amounts      
DUDOCGEN;UNUSED;?;Download document to be genrtd
GP-066-CHKACC;Account_Management;Current_Account_Engine;Validate Local Account  
GP-114-ZONCTL;Payment_And_Cash_Management;Payments_Execution_Engine;COUNTRY ZONING CONTROLS  
GP-148-103CHK;Payment_And_Cash_Management;Payments_Execution_Engine; Validate MT103 in Interim      
M101F;Payment_And_Cash_Management;Payments_Execution_Engine; Authorise MT101                
MIC1I;Payment_And_Cash_Management;Payments_Execution_Engine; Inq. Incoming MT202s 
MIC2C;Payment_And_Cash_Management;Payments_Execution_Engine; MT202/205 Maintenance Screen 2 
MICCC;Payment_And_Cash_Management;Payments_Execution_Engine; Collected & Cleared Cheques    
MIEXC;Payment_And_Cash_Management;Payments_Execution_Engine; Commercial Exch. Operation     
MII2C;Payment_And_Cash_Management;Payments_Execution_Engine; Chg non-obl fiels Inc MT100 
MII3F;Payment_And_Cash_Management;Payments_Execution_Engine; Incoming MT103 authorisation   
MII4C;Payment_And_Cash_Management;Payments_Execution_Engine; Incoming MT103                 
MIII1;Payment_And_Cash_Management;Payments_Execution_Engine; Single Inq. Intl. Int. Pmt     
MIIRC;Payment_And_Cash_Management;Payments_Execution_Engine; Internat. incoming reversals   
MIO2C;Payment_And_Cash_Management;Payments_Execution_Engine;Change non-obl MT100 fields
MIO3F;Payment_And_Cash_Management;Payments_Execution_Engine; Outgoing MT103 authorisation   
MIO4C;Payment_And_Cash_Management;Payments_Execution_Engine; MT103 Additional info          
MIOI1;Payment_And_Cash_Management;Payments_Execution_Engine; Inq. Int. Internl Out. Pmt     
MIORC;Payment_And_Cash_Management;Payments_Execution_Engine; Reversal of outgoing MT100     
MIXXC;Payment_And_Cash_Management;Payments_Execution_Engine; Collected and Cleared Drafts   
MIXXF;Payment_And_Cash_Management;Payments_Execution_Engine; Coll./Clr. Draft Authorise.    
MOC2C;Payment_And_Cash_Management;Payments_Execution_Engine; Outgoing MT202/MT205 Update 2  
DLDLLUNAMD;Payment_And_Cash_Management;Risk_Reporting_Layer; unnamed download               
DIPTL   ;Payment_And_Cash_Management;Payments_Execution_Engine; List of logging file 
RMTRANUPD;Payment_And_Cash_Management;;updates of trs nbrs
DLECHANNEL;Payment_And_Cash_Management;Arrangement_Management;Download Master/Slave records
DLICMREK;UNUSED;Arrangement_Management;ICM daily confirmations
DLICMSTI;UNUSED;;ICM stickers
DUMCHANNEL;Payment_And_Cash_Management;Arrangement_Management;migrate slaves to masterqs (to other branch)
DULDDRAFT;Payment_And_Cash_Management;Payments_Execution_Engine;Upload of draft transactions
DLCHKIBOS;UNUSED;TECHNICAL_KERNEL;SEND WARNING IF IBOS PROBLEM
ALDLLCBRAT;UNUSED;Local_Regulatory_Reporting_Layer;Central Bank Reporting Downloa
DHIG1;Payment_And_Cash_Management;Payments_Execution_Engine;Sing. Inq. Inc. Pmt. His. Ger.
DHII1;Payment_And_Cash_Management;Payments_Execution_Engine;Sing Inq Intl Hist Pmt
DHII2;Payment_And_Cash_Management;Payments_Execution_Engine;Sing Inq Intl Inc Hist Pmt
DHIN1;Payment_And_Cash_Management;Payments_Execution_Engine;Sing. Inq. Inc. Pmt His. Neth.
DHIU1;Payment_And_Cash_Management;Payments_Execution_Engine;Single history dom. incoming 
DLLPMTSTAT;Payment_And_Cash_Management;Local_Reporting_Layer;Payment statistics FFT
DLNAMCHECK;Payment_And_Cash_Management;Risk_Reporting_Layer;Statist Analysis Name Checking
DLSMCTAM2;Account_Management;Risk_Reporting_Layer;download smct too
DLSTCDREP;UNUSED;Payments_Execution_Engine;List payments by Stat code
MUMKMT101;UNUSED;Payments_Execution_Engine;Send MT101 - MT198    
CLCPPMNT;Payment_And_Cash_Management;Local_Reporting_Layer;MIS CPD Download Paym. DPTRO
DLERRCDTRN;Payment_And_Cash_Management;Instruction_and_Order_Management;error codes trns
DLDLLCLENL;Payment_And_Cash_Management;Clearing_and_Settlement_Engine;Download clearing Neth.
DLDLLRECON;Payment_And_Cash_Management;Reconciliation_Engine;Star Reconciliation download
DLDPTROES;UNUSED;Payments_Execution_Engine;List Inv. Trans. for ESP   
DPIG1;Payment_And_Cash_Management;Payments_Execution_Engine;Sin. Inq. Inc. Pmt. Inv. Germ.
DPII1;Payment_And_Cash_Management;Payments_Execution_Engine; Sing Inq Intl Inc Pmt 
DPII2;Payment_And_Cash_Management;Payments_Execution_Engine;Det Intl Pmt Inv    
DPIN1;Payment_And_Cash_Management;Payments_Execution_Engine;Sing. Inq. Inc. Pmt Inv. Neth
DPIU1;Payment_And_Cash_Management;Payments_Execution_Engine; Single inventory dom. incoming
DUDLLCLESI;Payment_And_Cash_Management;Clearing_and_Settlement_Engine;Clearing Download - Singapore
DUDLLDDCGB;Payment_And_Cash_Management;Clearing_and_Settlement_Engine; Download  Direct Debits London
DUDLLSLBE;UNUSED;Clearing_and_Settlement_Engine; Missing SLBE - Spain
DULDSLBE;UNUSED;Clearing_and_Settlement_Engine;Load SLBE payments for Spain
DLDLLCLEIE;Payment_And_Cash_Management;Clearing_and_Settlement_Engine;Ext. payments for Dublin Clear
DLUPOS;UNUSED;;UPOS LISTING   
GP-075ROUT;Payment_And_Cash_Management;Payments_Execution_Engine;Decide which routing to choose
DRDI5;Payment_And_Cash_Management;Payments_Execution_Engine;Individual Customer account mgmt
DLNBREPNL1;UNUSED;Local_Regulatory_Reporting_Layer;National bank reporting NL - 1
DRPTM;Payment_And_Cash_Management;Payments_Execution_Engine;domestic payments routing
DRSM5;Payment_And_Cash_Management;Instruction_and_Order_Management;MULT INQ REJ SW MESS
DLAMBASBAL;Payment_And_Cash_Management;Local_Reporting_Layer;Ambassador balances 
ALDLCUSBAL;Account_Management;Current_Account_Engine;Download to PC - CUSBAL 
DSLV5;Payment_And_Cash_Management;Arrangement_Management;ICM - Slave Accounts 
GP-110-ACCLUD;Account_Management;Current_Account_Engine;Get required ICM account 
DUPURSTAT;Payment_And_Cash_Management;Payments_Execution_Engine;PURGE PAYM STATUS RECORDS
DSI2M;Payment_And_Cash_Management;Instruction_and_Order_Management;Maintain standing orders
DSTI5;Payment_And_Cash_Management;Instruction_and_Order_Management;delete standing orders
DUPURDSTOI;Payment_And_Cash_Management;Instruction_and_Order_Management;delete standing order
DLSTOXBR;Payment_And_Cash_Management;Instruction_and_Order_Management;LIST STANDING ORDERS
DST2M;Payment_And_Cash_Management;Instruction_and_Order_Management;Standing order extra info
DUSTAT;Payment_And_Cash_Management;Local_Reporting_Layer;Stats Reporting & Maintenance
ALDLLATLAS;UNUSED;;Download for Atlas SIN 
ALDLLAWV;Finance;Local_Reporting_Layer;AWV download 
ALLACBNK;UNUSED;;Conflict of LAC & A&Z Codes
DLSMCTPIM1;Account_Management;Risk_Reporting_Layer;download smct pim 1 
DLSMCTPIM2;Account_Management;Risk_Reporting_Layer;download smct pim 2
GP-161-RTGS;Payment_And_Cash_Management;Payments_Execution_Engine;RTGS/TARGET ROUTING  
ILDOCTINV;TECHNICAL_KERNEL;TECHNICAL_KERNEL;security class maintenance
ILFXMAS;Financial_Markets;Local_Regulatory_Reporting_Layer;SPOT FORWARD transaction summary
TLDLGRDRCN;MDM_Management;Party_Management;grid reconciliation
DLCLESTS;Payment_And_Cash_Management;Local_Reporting_Layer;status dl
DLDLLBL;Payment_And_Cash_Management;Risk_Reporting_Layer;Blacklisted download
DLLSTILACC;UNUSED;Arrangement_Management;List of invalid accounts KOL
DLCFATF7AD;Account_Management;Party_Management;Cust FATFVII Address
DLDLLNMUT;Payment_And_Cash_Management;Clearing_and_Settlement_Engine;Download NMUT to Interpay
DUFDBKIRM;Payment_And_Cash_Management;Clearing_and_Settlement_Engine;Clearing rep phase
GP-166-TARGET2;Payment_And_Cash_Management;Payments_Execution_Engine;
GUCLEANUP;TECHNICAL_KERNEL;TECHNICAL_KERNEL;security
ILAUTDCSTA;UNUSED;TECHNICAL_KERNEL;Authorisation decision table
GP-074-AUTH;Payment_And_Cash_Management;Payments_Execution_Engine;check if transaction should be authorised
BUEURACC;Financial_Markets;Current_Account_Engine;ACCOUNTING ENTRIES FOR EURO
ILLISTESP;Financial_Markets;Current_Account_Engine;List ESP/ESB payments/advices 
GI-IXFFC3;Financial_Markets;Financial_Markets_Trade_engine;LG for IVFFC/IAFFC
GI-IXFRC3;Financial_Markets;Financial_Markets_Trade_engine;LG IAFRC/IVFRC
GI-IXFXC3;Financial_Markets;Financial_Markets_Trade_engine;LG IAFXC/IVFXC
GI-IXIRC3;Financial_Markets;Financial_Markets_Trade_engine;LG IAIRC
GI-IXOPC3;Financial_Markets;Financial_Markets_Trade_engine;LG IAOPC/IVOPC
IILDM;Financial_Markets;Financial_Markets_Trade_engine;Loan/Dep Interim Segment Mnt
IRS1A;Financial_Markets;Financial_Markets_Trade_engine;INPUT IRS TRANSACTIONS-GENERA
IRS2A;Financial_Markets;Financial_Markets_Trade_engine;INPUT IRS TRANSACTIONS-SEGMANT
ILCNFDCSTB;Payment_And_Cash_Management;Payments_Execution_Engine;CONFIRMATION DECISION TABL
ICOLB;Financial_Markets;Clearing_and_Settlement_Engine; Match OL cnf's Our-Broker NYC
IMMLC;Financial_Markets;Clearing_and_Settlement_Engine;Match confirm. arrived by mail
ISTAC;Financial_Markets;Clearing_and_Settlement_Engine; Change status confirmation
ILLSTCOMP;Payment_And_Cash_Management;Payments_Execution_Engine;List composite payments
IMCO5;Payment_And_Cash_Management;Payments_Execution_Engine;Mult Inq composite payments
ICVBS;Financial_Markets;Party_Management;Maint.conv.broker ctp-IFS ctp (eg add address)
IUICVBSDEL;Financial_Markets;Party_Management;Delete ICVBS Records 
ILACDLYPL;Finance;General_Ledger;Daily profit and loss
ILBGEFRA;Financial_Markets;Financial_Markets_Trade_engine;Brokerage FRA  
ILBGEIRCS;Financial_Markets;Financial_Markets_Trade_engine;Brokerage fees IRCS
ILBGELOADE;Financial_Markets;Financial_Markets_Trade_engine;Brokerage loans/deposits
IP-031CALAMTBGE;Financial_Markets;Financial_Markets_Trade_engine;Calculate amount-brokerage
ILDEALTICK;Financial_Markets;Financial_Markets_Trade_engine;Print deal tickets 
ILFXDLTICK;Financial_Markets;Financial_Markets_Trade_engine;Deal ticets     
ILIRSDEATK;Financial_Markets;Financial_Markets_Trade_engine;Print Deal Tickets IRS 
ILFRDEALTK;Financial_Markets;Financial_Markets_Trade_engine;FRA'S Deal ticket
ILFXDEALTK;Financial_Markets;Financial_Markets_Trade_engine;DEAL TICKETS
IUIRFTRPTR;Financial_Markets;Financial_Markets_Trade_engine;Print/Purge transported IRF'S
GI-IXFFC1;Financial_Markets;Financial_Markets_Trade_engine;PS for IVFFC/IAFFC
GI-IXFFC3;Financial_Markets;Financial_Markets_Trade_engine;LG for IVFFC/IAFFC 
IGFFC;Financial_Markets;Financial_Markets_Trade_engine;Amend general Financial Future
IIFF1;Financial_Markets;Financial_Markets_Trade_engine;Inq. on single IRF transaction
ILBGEIRF;Financial_Markets;Financial_Markets_Trade_engine;IRF Brokerage Amounts   
IMFC5;Financial_Markets;Financial_Markets_Trade_engine;Multiple INQ on IRF Contracts
IMIF5;Financial_Markets;Financial_Markets_Trade_engine;Mult. inq. Interest Rate Futur
ISIF1;Financial_Markets;Financial_Markets_Trade_engine;Inq. on single IRF deal 
ILIRFOP;Financial_Markets;Financial_Markets_Trade_engine;OPEN INTR. RATE FUTERES POSIT.
IFFVS;Financial_Markets;Clearing_and_Settlement_Engine;Correction amount to balance
CLCPFRA;Financial_Markets;Financial_Markets_Trade_engine;MIS CPD of FRA Deals
AP-009CHECK-INVEN;Financial_Markets;Financial_Markets_Trade_engine;Checks Inventory(deal) exists
ICON5;Financial_Markets;Financial_Markets_Trade_engine;Contract inquiry
ALBOE052;Finance;Local_Regulatory_Reporting_Layer;Interest (R/P) per countries
ILAUDIT;UNUSED;;
ILCNFFRA;Financial_Markets;Financial_Markets_Trade_engine;FRA CONFIRMATIONS - IFSPRINT
ILCOMWARFR;Financial_Markets;Financial_Markets_Trade_engine;Comm. Warning FRA
ILDEALNUM;Financial_Markets;Financial_Markets_Trade_engine;New deal numbers loans/deposit
ILDEALPMAT;Financial_Markets;Financial_Markets_Trade_engine;Deals outstanding per maturity
ILFRAOUT;Financial_Markets;Financial_Markets_Trade_engine;Outstanding FRA contracts
ILLSTPAYDL;Financial_Markets;Financial_Markets_Trade_engine;list payment instructions deal
ILLSTWARFR;Financial_Markets;Financial_Markets_Trade_engine;Last Warning FRA      
ILNSETFRA;Financial_Markets;Financial_Markets_Trade_engine;FRA deals before Settlement 
ILOUTFRASU;Financial_Markets;Financial_Markets_Trade_engine;FRA outstanding/summary ccy 
ILPAYINADV;Financial_Markets;Financial_Markets_Trade_engine;PAYMT INSTR TO BE ADVISED
ILSETFRA;Financial_Markets;Financial_Markets_Trade_engine;Fra's Settl. due in x days 
IMFR5;Financial_Markets;Financial_Markets_Trade_engine;Multiple Inquiry Fra's Ctracts
ISFR1;Financial_Markets;Financial_Markets_Trade_engine;Single Inquiry Fra's Contract
ILDLYACCFX;Financial_Markets;General_Ledger;Daily accrual foreign exchange
ILFWDCONAL;Financial_Markets;Financial_Markets_Trade_engine;SPOT/FORWARD CONCLUSION ANAL.
CLCPFX;Financial_Markets;Financial_Markets_Trade_engine;MIS CPD Forex deals 
IIFXT;Financial_Markets;Financial_Markets_Trade_engine;Add FX trans - Treasury
ILAFFLOADN;UNUSED;Financial_Markets_Trade_engine;AFF download NYC 
ILBGEFOREX;Financial_Markets;Financial_Markets_Trade_engine;Bge foreign exchange
ILCOMWARFX;Financial_Markets;Financial_Markets_Trade_engine;Commercial warning for. exchg.
ILCTMFX;Financial_Markets;Financial_Markets_Trade_engine;Extract FOREX for CTM 
ILDEALNUM;Financial_Markets;Financial_Markets_Trade_engine;New deal numbers loans/deposit
ILDLYACCF3;Financial_Markets;General_Ledger;Monthly accruals abstract FX
ILDLYMVCUS;Financial_Markets;Financial_Markets_Trade_engine; COMMERCIAL TRANSACTIONS  
ILFOREXIN;Financial_Markets;Financial_Markets_Trade_engine;Forex Informations    
ILFWDOUTCU;Financial_Markets;Financial_Markets_Trade_engine;SPOT FORWARD OUTSTAND. /CCY
ILFWDOUTVA;Financial_Markets;Financial_Markets_Trade_engine;SPOT FORWARD OUTSTAND. /VALUE
ILFXBYCCY;Financial_Markets;Financial_Markets_Trade_engine;FX BY CCY/SHN/CTRCT 
ILFXDEALIN;Financial_Markets;Financial_Markets_Trade_engine;FX Inv Deal Tickets
ILINVSEL;Financial_Markets;Financial_Markets_Trade_engine;L/D & FOREX FLAT FILE CREATE
ILJUSPDACC;Financial_Markets;Financial_Markets_Trade_engine;Justification of P/D Accounts
ILLSTWARFX;Financial_Markets;Financial_Markets_Trade_engine;Last Warning Forex    
ILMKGDBBMB;UNUSED;Financial_Markets_Trade_engine;Make GDB for BMB   
ILOUFWCVDE;Financial_Markets;Financial_Markets_Trade_engine;List Outsdng FWOC deals  
ILOUTFXEOQ;Financial_Markets;Financial_Markets_Trade_engine;outstanding FX deals    
ILPRINTCNF;Financial_Markets;Financial_Markets_Trade_engine; Print Confirmations
ILSPFWISO;Financial_Markets;Financial_Markets_Trade_engine;SPOT FWD PER ISO CTPY  
ILSPFWOUT;Financial_Markets;Financial_Markets_Trade_engine;List Spot/forward outstanding
ILSUMCUS;Financial_Markets;Financial_Markets_Trade_engine;FX & MM deals concluded in mth
IMFX5;Financial_Markets;Financial_Markets_Trade_engine; Mult.inq. Foreign Exch. contr.
IPFXC;Financial_Markets;Financial_Markets_Trade_engine;Phone confimation for FEXC  
ISFX1;Financial_Markets;Financial_Markets_Trade_engine;Inq. Foreign Exchange contract
ISFX2;Financial_Markets;Financial_Markets_Trade_engine;Inq. Foreign Exchange contract
RCPV6;Financial_Markets;Financial_Markets_Trade_engine; Outst./Depos. per value date 
IUFXCTPUPD;Financial_Markets;Arrangement_Management;Change Countrparty of FX Deals
IIIR5;Financial_Markets;Financial_Markets_Trade_engine;Mult Inq on IRS transaction
ILCNFIRS;Financial_Markets;Financial_Markets_Trade_engine;IRS CONFIRMATION - IFSPRINT
ILCOMWARIR;Financial_Markets;Financial_Markets_Trade_engine;COMMERCIAL WARNING IRS
ILDLYACCIR;Financial_Markets;Financial_Markets_Trade_engine;Print daily abstracts IRS
ILIRSGFI;Financial_Markets;Arrangement_Management;OUTSTANDING IRS DEALS /GFI
ILIRSINFO;Financial_Markets;Arrangement_Management;Contract information IRS
ILLSTWARIR;Financial_Markets;Financial_Markets_Trade_engine;Last warning report IRS    
ILOUTIRBKG;Financial_Markets;Arrangement_Management;Outst. IRS contracts
ILOUTIRS;Financial_Markets;Financial_Markets_Trade_engine;IRS outstanding
ILPOSIRS;Financial_Markets;Arrangement_Management;Positions OIS contracts
IMIR5;Financial_Markets;Financial_Markets_Trade_engine;Mult. inq. Imterest Rate Swaps
IRS1A;Financial_Markets;Financial_Markets_Trade_engine;INPUT IRS TRANSACTIONS-GENERAL
ISIR1;Financial_Markets;Financial_Markets_Trade_engine;Single inq. Interest Rate Swap
IUCHGCTP;Financial_Markets;; Change Shn-ciy and rel nbr ctp 
CI-003-FILL-RCPV6;Financial_Markets;Financial_Markets_Trade_engine;Fill rcpv6
ILBOEDEP52;Lending;Risk_Reporting_Layer;BOE - 50 largest exposure
ILLDDEALIN;Financial_Markets;Financial_Markets_Trade_engine;Loan/Deposits deal tickets
ILLDOUTCU;Financial_Markets;Financial_Markets_Trade_engine;L/D OUTSTANDING PER CURRENCY 
ILLDOUTTER;Financial_Markets;Financial_Markets_Trade_engine;Outstanding LD per Term code
ILLONDEPIN;Financial_Markets;Arrangement_Management;Loan/Deposits contract info
ILLSTWARLD;Financial_Markets;Financial_Markets_Trade_engine;LAST WARNING REPORT LOAN/DEP.
ILOUTRR;Financial_Markets;Financial_Markets_Trade_engine;LIST OUTSTANDING REV.REPOS
IMLD5;Financial_Markets;Arrangement_Management;Multiple inquiry Loan & deposits contracts
ISLD1;Financial_Markets;Arrangement_Management;INQUIRY SINGLE LOANS & DEPOSITS 
IMLN1;Financial_Markets;Clearing_and_Settlement_Engine; Input confirm. arrived by mail 
ILCNFOPT;Financial_Markets;Financial_Markets_Trade_engine;OPT CONFIRMATIONS - IFSPRINT
IIFF5;Financial_Markets;Financial_Markets_Trade_engine;Mult inq on IRF transaction
GI-IXFRC1;Financial_Markets;Financial_Markets_Trade_engine;PS IAFRC/IVFRC  
ICPDC;Financial_Markets;Clearing_and_Settlement_Engine;Complete payment instruction detail
IIFR1;Financial_Markets;Financial_Markets_Trade_engine; Inq. FRA'S Boston trs.
IIFR5;Financial_Markets;Financial_Markets_Trade_engine; Multi inq. FRA's trans. 
IIPI1;Financial_Markets;Clearing_and_Settlement_Engine;Inq. on trs payment instr.
ILFRRDSTRS;Financial_Markets;Financial_Markets_Trade_engine;List RDS transactions   
ILFRTRANSA;Financial_Markets;Financial_Markets_Trade_engine;Print transactions FRAS
IBTF1;Financial_Markets;Financial_Markets_Trade_engine;Inq. Foreign exch. Boston trs
IBTF2;Financial_Markets;Financial_Markets_Trade_engine;Inq. BTS trs. Foreign exch. 
IBTF5;Financial_Markets;Financial_Markets_Trade_engine;Mult.inq. Foreign exch. trans.
ILFXBTSTRA;Financial_Markets;Financial_Markets_Trade_engine;Forex bts transactions
IUFILIBTF5;Financial_Markets;Financial_Markets_Trade_engine;??
GI-IXLDC1;Financial_Markets;Financial_Markets_Trade_engine;PS IALDC/IVLDC
IBTI1;Financial_Markets;Financial_Markets_Trade_engine;Inquiry single l/d bts trans.
IBTI5;Financial_Markets;Financial_Markets_Trade_engine;Interim file Loans/Dep multinq
ILLDBTSTRA;Financial_Markets;Financial_Markets_Trade_engine;Loans/deposits BTS transaction
GP-130INT-IILDO;Financial_Markets;Financial_Markets_Trade_engine;Auto ILLDO using IILDO data
ILLDTRANSA;Financial_Markets;Financial_Markets_Trade_engine;Print transactions LD
IUFILIBTI5;Financial_Markets;Financial_Markets_Trade_engine;??
IINI5;Account_Management;Current_Account_Engine;Int Base Rate Mult Inq 4eyes
AINIC;Account_Management;Current_Account_Engine;4eyes interest settlement conditions
AINT1;Account_Management;Current_Account_Engine;Acc.Int. Cdt on Specified Date
ALSIHINT;Account_Management;Current_Account_Engine;Acc. Int. Cond. History List
ILINTBASRT;Account_Management;Current_Account_Engine;Interest base rate
CLCPRATE;Account_Management;;ICP download interest rate
IINT5;Account_Management;;Interest base rates inquiry 
GI-IXOPC1;Financial_Markets;Financial_Markets_Trade_engine;PS IVOPC/IAOPC 
IIOP1;Financial_Markets;Financial_Markets_Trade_engine;Inquiry FX options trans.
IIOP5;Financial_Markets;Financial_Markets_Trade_engine;Multi-inquiry on FX options
GI-IXFXC1;Financial_Markets;Financial_Markets_Trade_engine;PS IAFXC/IVFXC
II-009-FILL-IBTI5;Financial_Markets;Financial_Markets_Trade_engine;Selection of data  (Loan & deposit)
II-009-FILL-IIPH5;Financial_Markets;Clearing_and_Settlement_Engine;Fill IIPH5
ILIRSTRA;Financial_Markets;Financial_Markets_Trade_engine;List IRS transactions
CUMMPURI;Financial_Markets;Financial_Markets_Trade_engine;Delete Comm loan & MM interim 
ILLDTRANSA;Financial_Markets;Financial_Markets_Trade_engine;print transaction Loan&Deposits
GI-IXIRC1;Financial_Markets;Financial_Markets_Trade_engine;PS IAIRC
IIIR1;Financial_Markets;Financial_Markets_Trade_engine;Inq on single IRS transaction
GP-109UPDIIRSO;Financial_Markets;Financial_Markets_Trade_engine;UPDATE IIRSO RECORDS 
ILDLYACCLD;Financial_Markets;General_Ledger;Daily accrual Loans/Deposits
ILCONSLLD2;Financial_Markets;Arrangement_Management;Print LoanDeposit contracts
ILLDCONAL;Financial_Markets;Arrangement_Management;Loan/deposit annual conclusion
IUCHKCNF;Financial_Markets;Reconciliation_Engine;Confirmations reconciliation
LLDLLRDS;UNUSED;Financial_Markets_Trade_engine;Download Logistic Data To RDS 
GP-098GET-NOSTRO;Financial_Markets;Financial_Markets_Trade_engine;Get default nostro for bonds
GP-154-GETOTHPRTY;Financial_Markets;Party_Management;Account 3-7-2 of other party
IP-005NOSTRO;Financial_Markets;Financial_Markets_Trade_engine; Look up relation nr in NOSTRO  
ILNCUDTRPO;Financial_Markets;Financial_Markets_Trade_engine;Nostro Curr. d/t Reversal Pos.
IODU5;Financial_Markets;Reconciliation_Engine;Mult. inq. overdue settings
ALHKMF01;Financial_Markets;Local_Regulatory_Reporting_Layer;Reporting Monetary Authority F
CLAUDCNF;Financial_Markets;Local_Regulatory_Reporting_Layer;External audit confirmation
CLCPCO;Financial_Markets;;MIS CPT Download IOPTS
ILOPDEATDY;Financial_Markets;Financial_Markets_Trade_engine;Deals done today   
ILOPLGRACC;Financial_Markets;Reconciliation_Engine;FX OP /GENERAL LEDGER ACCOUNT
ILOPLSTMTH;Financial_Markets;Financial_Markets_Trade_engine;Ccy Opt Deals done last month 
ILOPMATMTH;Financial_Markets;Financial_Markets_Trade_engine;FX Opt Matured this Month 
ILOPMTHTOD;Financial_Markets;Financial_Markets_Trade_engine;Ccy Opt Deals Month to date
ILOUTCCYPA;Financial_Markets;Financial_Markets_Trade_engine;Deals Ccy Opt by Ccy Pair 
ILOUTOPCTP;Financial_Markets;Financial_Markets_Trade_engine;Ccy Opt/CTP Outstanding
ILOUTOPTTY;Financial_Markets;Financial_Markets_Trade_engine;Ccy Opt/Type
ILWAROPTEX;Financial_Markets;Financial_Markets_Trade_engine;WARNING FX-OPTIONS EXPIRED
IMOP5;Financial_Markets;Arrangement_Management;Mult. Inqu. Curr. Opt. Ctrcts 
IOPT1;Financial_Markets;Arrangement_Management;Inquiry Ccy Opt Ctrcts 
ILOPTEXPDT;Financial_Markets;Arrangement_Management;Ccy Options by expiry date
IUCNF;Payment_And_Cash_Management;Reconciliation_Engine; List confirm & check overdue
IUCNF2;Payment_And_Cash_Management;Reconciliation_Engine; List confirm & check overdue NYC
IPII5;Financial_Markets;Financial_Markets_Trade_engine;Multiple Inquiry IPIIO
CI-OUT-PAYM-CHECK;Financial_Markets;Financial_Markets_Trade_engine;Check outg.paym.instructions
ILPMTDTEDC;Financial_Markets;Financial_Markets_Trade_engine;PRINT PMT DECISION TABL
ILOPDEATDY;Financial_Markets;Financial_Markets_Trade_engine;Deals done today
II-005FILL-IMILD;Financial_Markets;Financial_Markets_Trade_engine;Fill IMILD lines on the screen
GI-132-FLAGBNF;Financial_Markets;Financial_Markets_Trade_engine;DETERMINE FLAG BNF
ILCOMWARLD;Financial_Markets;Financial_Markets_Trade_engine;List commercial warning 
IP-008BONDNVM;Financial_Markets;Financial_Markets_Trade_engine;UPDATE NOSTRO BONDS 
IP-008LDMMNVM;Financial_Markets;Financial_Markets_Trade_engine;Update nostro's LDMM  
GP-100-ACW001;Financial_Markets;Financial_Markets_Trade_engine;ACW001 Shn/City acquisition
IUREMRCNV;Financial_Markets;Financial_Markets_Trade_engine; REMOVE OLD REUTERS CONV.
IRCL5;Financial_Markets;Financial_Markets_Trade_engine;Mult. Inq. on confirmations 
ISIF5;Financial_Markets;Financial_Markets_Trade_engine;Mult. inquiry on SSI free text
CLDLLISIMO;Lending;Business_Lending_Engine;Download of ISIMO for SIN
ILCONSELSC;Lending;Collateral_Management;List securities report
ILDOCTMAT;Lending;Arrangement_Management;list deals by maturity date
ILSIMPMEM;Lending;Arrangement_Management;List simplified inventory memo dates
ILSIMPREP;Lending;Arrangement_Management;simplified inv. Report
ISIM4;Lending;Arrangement_Management;Mult Inq on trailers per simpl inc contract
ISIM6;Lending;Arrangement_Management;Mult Inq on simpl inv
ISIM5;Lending;Arrangement_Management;Mult Inq on simpl inv
ILISPIO;Financial_Markets;Financial_Markets_Trade_engine;List contents of ISPIO
ILDLLSTPMT;Financial_Markets;Instruction_and_Order_Management;Download standing instruction
ILSTPMTINS;Financial_Markets;Instruction_and_Order_Management;List Standard Payment Instr 
IMSP5;Financial_Markets;Instruction_and_Order_Management; Mult. Inq. Standard Instr
LUCLNPSNAD;Account_Management;Party_Management;Batch report to delete data concerned with counterparty after a certain account is deleted
LBRC4;Financial_Markets;Arrangement_Management;brokerage commissions - mul. i
LLBRCS;Financial_Markets;Arrangement_Management;Brokerage Commissions List
LUCBNRIS;Account_Management;Party_Management;Ctpty Base Phys Del&RIS Creat 
AUCNVLCCYS;MDM_Management;;EMU Currencies Euro Conversion
LBSKM;MDM_Management;;Multi Update Basket Curr LBSKS
AUDELICIY;MDM_Management;;Delete unused city code
DUPDCONDS;Payment_And_Cash_Management;Payments_Execution_Engine;Update DCNDO conditions
LULDLGRDO;MDM_Management;Party_Management;Upload grid info (grid=>risk related party data)
LUMQGRID;MDM_Management;Party_Management;Upload grid info (grid=>risk related party data)
LGR1C;MDM_Management;Party_Management;GRID DETAIL INQ
LGR2C;MDM_Management;Party_Management;GRID DETAIL INQ
LGR3C;MDM_Management;Party_Management;GRID DETAIL INQ
LGR4C;MDM_Management;Party_Management;GRID DETAIL INQ
LGRD5;MDM_Management;Party_Management;Grid multi inq
LSLUTIL3;MDM_Management;;???
LULDLGRDO;MDM_Management;Party_Management;Upload grid info (grid=>risk related party data)
AUHOLUPD;TECHNICAL_KERNEL;;Holiday file
LULOADHOL;TECHNICAL_KERNEL;;Holiday file
LCTIF;Account_Management;Party_Management;CTP base nr
AUCTPSHN2;MDM_Management;Party_Management;Change shortname+city
GUCRESUB3;Account_Management;Party_Management;CREATE NEW SUBSIDIARY FOR NYC
LSLUTIL;Account_Management;;???
LUCLNPSNAD;MDM_Management;Party_Management;Clear Suppl, Address & Persons
LUNYCLCTPS;MDM_Management;Party_Management;CREATE LCTPS/LCBNS IN USA(NYC)
LLPMBRAAUT;TECHNICAL_KERNEL;TECHNICAL_KERNEL;Audit Trail PERS.MEMB.& BRANCH
PRSNL;TECHNICAL_KERNEL;TECHNICAL_KERNEL;PERSONNEL INFORMATION
PRSIF;TECHNICAL_KERNEL;TECHNICAL_KERNEL;Personel Member Authorise 
LPRCM;TECHNICAL_KERNEL;TECHNICAL_KERNEL;Pers memb/resp centre combination
AASPS;TECHNICAL_KERNEL;TECHNICAL_KERNEL;Accounting System Parameter
DUPDCONDS;Payment_And_Cash_Management;Payments_Execution_Engine;Update DCNDO conditions
LUARPPM;MDM_Management;;LOAD ARPPM 
DRTPM;Payment_And_Cash_Management;Payments_Execution_Engine;Maintain Routing for Domestic  
LULDTARGET;Payment_And_Cash_Management;;???
LOGOF;TECHNICAL_KERNEL;TECHNICAL_KERNEL;log off application
NWSMN;TECHNICAL_KERNEL;TECHNICAL_KERNEL;News maint.
LOGON;TECHNICAL_KERNEL;TECHNICAL_KERNEL;Log on
PASCH;TECHNICAL_KERNEL;TECHNICAL_KERNEL;password change
PRSIC;TECHNICAL_KERNEL;TECHNICAL_KERNEL;Personel Member Interim 
PRSIF;TECHNICAL_KERNEL;TECHNICAL_KERNEL;Personel Member Authorise
GLSECPINT;TECHNICAL_KERNEL;TECHNICAL_KERNEL;Interim Security Records
PRSI5;TECHNICAL_KERNEL;TECHNICAL_KERNEL;Personel Member Interim Inq 
DULDCLEALC;Payment_And_Cash_Management;Payments_Execution_Engine;Load Cheques  London
DUCHQREQP;Payment_And_Cash_Management;Payments_Execution_Engine;Create Cheque request file
RPSI5;TECHNICAL_KERNEL;TECHNICAL_KERNEL;Report Security Interim 
SCSI5;TECHNICAL_KERNEL;TECHNICAL_KERNEL;Screen Security Interim Inq
GLSECPAUT;TECHNICAL_KERNEL;TECHNICAL_KERNEL;Audit trail sec.
XUFXCABS;Finance;General_Ledger;Accounting abstract for GEX
XUCREPAYM;Finance;Payments_Execution_Engine; GEX-Create Automatic Payments
AUGXBUD;Finance;General_Ledger;Create Loc.Budg.Adjust.abstrac
XGMCS;Finance;General_Ledger;GEX movements
AUGXACC;Finance;General_Ledger;Accounting of Gen.Exp.Mvts
AUGXACR;Finance;General_Ledger;General Expenses - Accruals
XGSAS;Finance;General_Ledger;Salaries description maint.
AUGXPRE;Finance;General_Ledger;Acc. of Invoices with Prepaymt
